,tweet
0,"Siapapun yg terpilih apakah pak @prabowo atau @aniesbaswedan akan memperbaiki iklim demokratisasi yang ""rusak"" termasuk menghilangkan polarisasi yang selama ini muncul. Beliau berdua adalah seorang Demokrat sejati yang akan mengembalikan Indonesia pada cita-cita pendiri bangsa."
1,@galihholic_23 @MSApunya @prabowo ğŸ˜
2,Hal yang meringankan @aniesbaswedan untuk mencalonkan dan dicalonkan sebagai capres 2024 berhadapan dengan @prabowo sekalipun. Lantas konfigurasi @prabowo - @puanmaharani_ri vs @aniesbaswedan - @KhofifahIP bukannya melanggengkan polarisasi yg selama ini terjadi? Saya optimis tdk
3,"Jika @aniesbaswedan masih menjabat sebagai Gubernur DKI dan @prabowo serta @Gerindra mengusung dirinya jadi Gubernur pada 2022-2027 (asumsinya pilkada tidak ditunda 2024) maka Anies merasa punya persoalan etik utk tidak ""berkhianat"" pada @prabowo &amp; @Gerindra. Penundaan pilkada jd"
4,@MSApunya @prabowo Wuahahaha...ogaaahh...
5,"Kedua, ada figur sentral lainnya yg justru munculkan nama @aniesbaswedan sbg cagub DKI 2017 yll, dia adl @Pak_JK, wapres 2004-2009 &amp; 2014-2019. Andil tokoh2 ke Anies sbg cagub bkn tunggal dari @prabowo. Ketiga, panggilan kebangsaan dimana Anies harus capres menggema di tanah air"
6,@LuPeang62 @MSApunya @prabowo sukurin
7,"Lantas kenapa @aniesbaswedan mau diusung sebagai capres berhadapan dengan @prabowo yang notabene salah satu figur sentral yg usung Anies jadi cagub DKI 2017 yll? Pertama, Anies sdh wujudkan amanah sbg Gubernur 5 tahun &amp; tidak tergoda capres 2019 saat dirinya menjabat &amp; selesai."
8,Kemunculan pasangan @cakimiNOW (capres) &amp; @AgusYudhoyono (cawapres) akan meminimalkan polarisasi dua kubu @prabowo - @puanmaharani_ri vs @aniesbaswedan - @KhofifahIP. Lantas bagaimana dg @airlangga_hrt &amp; @Golkar5 ? Spt tahun 2019 yll diprediksi merapat di salah satu dari 3 poros
9,"@MarkTomasovic Pak @prabowo, lihat, deh ğŸ˜Š"
10,@PDI_Perjuangan. Lantas siapa parpol yg bakal mengusung @aniesbaswedan &amp; @KhofifahIP ? @DPPNasDem jadi tumpuan utama menggalang kekuatan melawan @prabowo - @puanmaharani_ri. Parpol yang potensial merapat adl @PKSejahtera PPP &amp; @Official_PAN sudah lebih dari cukup kursi mengusung
11,dukung oleh kelompok Islam tradisional NU. Khofifah juga mantan ketua Fatayat NU. Kelima alasan tersebut diatas sudah lebih dari cukup untuk mengusung @aniesbaswedan &amp; @KhofifahIP sebagai capres-cawapres berhadapan dg @prabowo - @puanmaharani_ri yg kemungkinan diusung @Gerindra &amp;
12,"Kenapa @KhofifahIP diunggulkan dampingi @aniesbaswedan ? Pertama, Khofifah dalam dua pilpres tidak mendukung @prabowo. Kedua saat maju sbg cagub Jatim 2018, Khofifah tidak didukung @PDI_Perjuangan. Ketiga, Khofifah &amp; Anies sdh selesai 1 periode sbg Gubernur &amp; Pilgub usai pilpres"
13,"Menhan pak @prabowo mmg pintar dlm membuat kesan mendalam bg partner/mitra yg diajak kerja sama. Lobby2 pintar spt ini tdk hny soal kedekatan dr sisi material bisnis yg slg menguntungkan, tp lbh drpd itu kedekatan scr emosional (feeling touch) between 2 persons dlm jalinan tsb.  https://t.co/A8rBvWoyOW"
14,@prabowo  https://t.co/mRmcObtaCx
15,@Maya83206301 @DavidWijaya82 @ChusnulCh__ @pengarang_sajak @FirzaHusainID @tukangrosok___ Ukurannya adalah 3 besar survey elektabilitas  @ganjarpranowo  @prabowo  @aniesbaswedan
16,"Budrex tingkat tinggi darah naik bikin emosi suku mandaleh nusa tenggara timur pasukan mawar pecatan kopasus anak buahnya prabowo subianto,berkata lancang tidak tahu terima kasih .camkan itu dunia !!!?!!!!!!!!!bajingan.  https://t.co/N0aJ664uBE"
17,"Budrex tingkat tinggi darah naik bikin emosi suku mandaleh nusa tenggara timur pasukan mawar pecatan kopasus anak buahnya prabowo subianto,berkata lancang tidak tahu terima kasih .camkan itu dunia !!!?!!!!!!!!!bajingan.  https://t.co/PQhJNpO4v0"
18,"Budrex tingkat tinggi darah naik bikin emosi suku mandaleh nusa tenggara timur pasukan mawar pecatan kopasus anak buahnya prabowo subianto,berkata lancang tidak tahu terima kasih .camkan itu dunia !!!?!!!!!!!!!bajingan.  https://t.co/BLHyvY4vvC"
19,"Budrex tingkat tinggi darah naik bikin emosi suku mandaleh nusa tenggara timur pasukan mawar pecatan kopasus anak buahnya prabowo subianto,berkata lancang tidak tahu terima kasih .camkan itu dunia !!!?!!!!!!!!!bajingan.  https://t.co/SZf9baTyDG"
20,@RAHMAWA55555756 @prabowo @Kemhan_RI Ntar lagi ad yg ngomg lagi gak peralatan tempur udara disimpan dimana!!!?
21,Survei: Elektabilitas Prabowo Subianto Konsisten Teratas   #Sindonews #BukanBeritaBiasa . https://t.co/kzSJxRTLw1
22,@mohmahfudmd @jokowi @prabowo
23,@CryptoTownEU Nice Perfect  @jokowi  @prabowo  @sandiuno
24," https://t.co/yJQt0mOeJi Selamat yah BIN, Jangan hanya mengawasi rakyat yang setia terhadap Pancasila aja, P @prabowoğŸ™ awasin juga dong Konspirasi  Intel perang Teluk yang menyebabkan Saddam Husein di hukum mati, Jaga Pancasila Jaga NKRI #HasbunallahWanikmalWakil"
25,@prabowo @sandiuno @fadlizon @Fahrihamzah @msaid_didu
26,Pesan di Balik Ambisi Prabowo Subianto Jor-joran Belanja Alutsista    https://t.co/kGoWz59Brm via @TirtoID
27,@MSApunya @prabowo Rak sah guyon
28,@ORakyat4 @IiiZahrah @Matahari_1912 @Alismar89937714 @panjul_02 @Bund_arissa_ @clina009 @balagadona99 @DevaSudrajat1 @MariaAlcaff @Muslim_AntiPKI2 @prabowo @Kiyai_MarufAmin @ganjarpranowo bangsat emang
29,@IiiZahrah @ORakyat4 @Matahari_1912 @Alismar89937714 @panjul_02 @Bund_arissa_ @clina009 @balagadona99 @DevaSudrajat1 @MariaAlcaff @Muslim_AntiPKI2 @prabowo @Kiyai_MarufAmin @ganjarpranowo bangsat emang
30,@tvOneNews Kenapa Bapak Prabowo Subianto tidak diundang?
31,Saran pak anies @prabowo @Gerindra smoga di baca mimin gerinda sma PS08
32,@avocadocoin @jokowi @prabowo @LunaMaya26
33,"@_miomr__ @sigitwid @psi_id @rianernesto @prabowo @kokokdirgantoro @GunRomli @andrewenas @Uki23 Maaf, gak punya."
34,"@geloraco MUSUH KITA PEMIMPIN YG ZHOLIM PAK @prabowo ,, UNTUK NYERANG SIAPA JET TEMPUR ITU? ğŸ˜Ÿ"
35,@PrimeFinance_ @jokowi @prabowo @LunaMaya26
36,@mistersaeful @prabowo @cakimiNOW @EmHasanuddin @DPP_PKB @anggiaermarini @enungmaryati2 @voiceofpkb @Gerindra @billy4riez Siap mengawal sampai jadi
37,@MSApunya @prabowo Ogah banget
38,"@IiiZahrah @MariaAlcaff @ORakyat4 @Matahari_1912 @rezimbiadap @Alismar89937714 @panjul_02 @Bund_arissa_ @clina009 @balagadona99 @DevaSudrajat1 @Muslim_AntiPKI2 @prabowo @Kiyai_MarufAmin @ganjarpranowo Kalau buat perang, anti pukul Anti tembak pakai Lembu SekilanğŸ’ªğŸ’ªğŸ’ªğŸ˜†"
39,@tweetmiliter @jokowi @prabowo @rianernesto Partai Sino-Indonesia  https://t.co/Ue3YOnTX85
40,Mantap nih pa @prabowo ğŸ‘ŠğŸ‡²ğŸ‡¨  Taruna2 RI bisa sekolah di Akademi Militer Prancis ğŸ¥°  https://t.co/xyHhwlAQtL
41,Survei: Elektabilitas Prabowo Subianto Konsisten Teratas  https://t.co/meobBgewsL
42,"@aryobimmo @sigitwid @psi_id @rianernesto @prabowo @kokokdirgantoro @GunRomli @andrewenas @Uki23 sekalian dong cari peebandingan uang pengadaan pertahanan negara tersebut, pada kecil gk ? lol ğŸ˜ğŸ˜ udah data gk relevan cherry picking yg sesuai narasi aja. bener gk ada beda nya ahahahah"
43,@aryobimmo @sigitwid @psi_id @rianernesto @prabowo @kokokdirgantoro @GunRomli @andrewenas @Uki23 wes angel gk ono beda ne ambe senior2 e.
44,"@aryobimmo @sigitwid @psi_id @rianernesto @prabowo @kokokdirgantoro @GunRomli @andrewenas @Uki23 lol jgn malu2in ah, data apbn 2020 kok jd dasar. ini udah apbn 2022. mana dibandingin sama negara maju. duhhhhhhh"
45,@DittoRadhitya @Kemhan_RI @prabowo @florence_parly @PTPAL_INDONESIA @officialptdi @LenIndustri @pindad mungkin ini asn kemhan atau tni yang dinas di kemhan atau denwal kemhan atau bisa juga pasukan garuda yaksa (pasukan partai pak prabowo)
46,"Konsisten meraih popularitas dalam survei calon presiden, pesona Prabowo Subianto memang tak bisa dianggap sebelah mata. Politisi senior ini, selalu mantap bertengger di posisi tiga besar. Tapi, jangan pula remehkan kandidat lain.."
47,"Lalu kapan Gerindra akan mengumumkannya?  â€œNah, kalau memang beliau menerima, maka dalam rapimnas itu kita akan tetapkan Prabowo Subianto sebagai calon presiden 2024 nanti,â€ ucap Harris Bobihoe, Sekretaris Partai Gerindra Jawa Barat."
48,"Setelah itu, DPP Partai Gerindra akan mempertimbangkan dan memutuskan, apakah kandidat itu layak atau tidak menjadi capres.  Sejauh ini, dari 30 daerah, nama Prabowo Subianto hanya satu-satunya yang disebut. Tak ada nama lain.."
49,"Sekretaris Partai Gerindra Jawa Barat, Harris Bobihoe menyatakan Jawa Barat adalah lumbung suara Prabowo.  â€œKami di Jawa Barat merupakan lumbung suara Pak Prabowo Subianto pada pilpres yang lalu. Kemudian juga, Partai Gerindra di Jawa Barat memenangkan dalam pilegnya.""  https://t.co/88zuS40Pjg"
50,"Prabowo Subianto, hampir dua dekade berpolitik, kerap menempati posisi teratas survei. Ia tiga kali maju menjadi capresâ€“cawapres. Namun, takdir belum menempatkannya pada kursi tertinggi pemimpin negeri.  https://t.co/ARVBk9tl1g"
51,Deklarasi calon presiden pertama kali akan segera digelar. Ditengarai Partai Gerindra yang akan memulai dengan capres Prabowo Subianto.  Layar tahun politik mulai dibuka... Bagaimana prediksinya? #Eksklusif di #AIMAN malam ini! @KompasTV  https://t.co/McLGHn2a1r
52,"LIVE dari KompasTV dalam acara Aiman, Sekretaris Jenderal Gerindra, Ahmad Muzani, membeberkan calon pendamping Prabowo Subianto dalam bursa Pilpres 2024.  https://t.co/jATDG9x0FF"
53,"@geloraco Prabowo Subianto + 1 tokoh oposisi. Rizal ramli misalnya. Tp, bisa2 malah dia yg ngatur presiden."
54,@MSApunya @prabowo Embung ahh.. KAPOKKK ğŸ˜
55,@KompasTV Cuma yang pakai masker @ganjarpranowo  @prabowo @aniesbaswedan
56,"Prabowo Subianto pesan 42 pesawat tempur Dassault Rafale, serta dua kapal selam jenis Scorpen dari Prancis.  #merahputihcom #PrabowoSubianto #DCA    https://t.co/XJadEN5U2R"
57,"@Thomass90392754 @prastow @msaid_didu @Kemhan_RI @prabowo @Gerindra Bener2 somplak emang @Dahnilanzar , lu ngapa beli pesawat tempur? Klo kita perang ngumpet sja di belakang mobil esemka, dijamin musuh takut semua Apalagi klo tinggalnya di ibukota negara wis dijamin musuh takut, oh iya itu kerta cepat kapan kelarnya? Sekrang masih 2018?  https://t.co/n1GkMxjFIb"
58,@satriohendri Sepertinya Prabowo Subianto ditakdirkan sebagai capres... abadi
59,@MardaniAliSera @PKSejahtera @FPKSDPRRI Calon presidennya PeKaEs siapa ya? Moga tidak @prabowo dan @sandiuno lagi. Kapok kami sudah promosi dan memperjuangkan ternyataâ€¦..
60,Notorious Indonesian MoD #Prabowo Subianto has big dreams. He wants to invest $100bn in military modernisation programs. Shortly after the order in France the US gave the greenlight for export of 36 F15 fighter planes to Jakarta ($13.9bn).  https://t.co/dwnAMJx4qd @annebauerbrux
61,@Firman2941 @prastow @msaid_didu Udah nanya Ama @Kemhan_RI Ama @prabowo Ama @Gerindra  kenapa negara kere malah borong jet tempur?  https://t.co/nRgdRyu30O
62,"@artchiltech @prabowo @Kemhan_RI @jokowi @_TNIAU @Dahnilanzar Pespur 5th gen sudah dimiliki China, Singapura, &amp; Australia  China adalah ancaman keamanan paling serius bagi Indonesia, Pespur 5th gen J-20 &amp; sudah masuk tahap IOC/FOC. belum lagi J-31  Dalam 1 dekade ke depan kemungkinan besar kekuatan PLAF akan didominasi J-20 / J-31"
63,"#Endonezya, FransÄ±z ÅŸirketi Dassault ile 6 Rafale savaÅŸ uÃ§aÄŸÄ± satÄ±n alma sÃ¶zleÅŸmesi imzaladÄ±.   âš« Savunma BakanÄ± Prabowo Subianto: 6 uÃ§aklÄ±k ilk sÃ¶zleÅŸmenin imzalanmasÄ±yla baÅŸladÄ±k ve bunu yakÄ±n gelecekte 36 uÃ§ak ile devam edecek sÃ¶zleÅŸmeler takip edecek.  https://t.co/d39LtdZzcP"
64,"@artchiltech @prabowo @Kemhan_RI @jokowi @_TNIAU @Dahnilanzar Salah, syarat beli F-35 harus beli terlebih dahulu F-16 airframe baru minimal blok 50/52  Rafale &amp; F-15EX gak ada hubungannya sama sekali dengan F-35"
65,Temen2 gw yg nyaleg wajib menang.. gw dukung mati2an!! Dan yg terpenting @Gerindra menang Di DKI Jakarta  dan @prabowo Presiden itu Harga matiâ€¦ ğŸ”¥ğŸ”¥
66,@geloraco Mantap banget Bapak Prabowo Subianto Djojohadikusumo dan teruslah berkarya dan berjuang untuk keselamatan Rakyat bangsa dan negara tercinta Indonesia Raya  Bravo Pak Prabowo ! Allahuakbar âœŠ
67,@geloraco Mantap banget Bapak Prabowo Subianto Djojohadikusumo dan teruslah berkarya dan berjuang untuk keselamatan Rakyat bangsa dan negara tercinta Indonesia Raya  Bravo Pak Prabowo ! Allahuakbar âœŠ
68,@prabowo - @puanmaharani_ri  2024...
69,#PDIPerjuangan @puanmaharani_ri @prabowo
70,Mau berteman dengan mereka pak @Dahnilanzar @prabowo ??
71,"Kalau bab iwan gustiawan saefatu pecatan kopasus pasukan mawar prabowo subianto, secara jujur almarhum bu nurul aini istri sudah sangat kecewa berat kepada iwan atas apapun yang dikerjakan sampaikan tidak sesuai.sedangkan dana yang dikeluarkan sangat banyak"
72,"@CNNIndonesia IPL di cabut otomatis PDIP makin lenggang kangkung,bakalan berkuasa lagi,karna elektabilitas Ganjar bakalan melejit,klo emang @prabowo bener2 berjuang utk rakyat harus gandeng dg @aniesbaswedan ,jd besok  Anies-prabowo vs ganjar-puan"
73,"Malheureusement, Prabowo Subianto a prÃ©cisÃ© quelques heures plus tard que ce contrat ne porte que sur 6 avions et que les 36 autres sont Ã  venir.  Un peu plus tard encore, le dÃ©partement dâ€™Ã‰tat US annonÃ§ait avoir vendu 36 F-15 Ã  lâ€™IndonÃ©sie.  En septembre 2021,"
74,"Le prÃ©sident franÃ§ais, Emmanuel Macron, a annoncÃ© que lâ€™IndonÃ©sie vient dâ€™acheter 42 Rafale Ã  la France. Sa ministre de la DÃ©fense, Florence Parly, a signÃ© le contrat avec son homologue indonÃ©sien, Prabowo Subianto, le 10 fÃ©vrier 2022."
75,@MSApunya @prabowo What ? Are you kidding meğŸ§
76,"Hah sistem pertahanan #IKN di desain Bu Connie (?) Tolong dipertimbangkan lagi pak Presiden @jokowi @KSPgoid , kecenderungan bu connie dekat dengan RRC ini perlu diwaspadai. CC @PolhukamRI @mohmahfudmd @binofficial_ri @ridlwandjogja @Kemhan_RI @prabowo"
77,"@muhamadroupp Klo ijin tambang di batalkan Ganjar,emangnya yg untung siapa???ya jelas dialah elektabilitasnya bisa melejit nyalip @aniesbaswedan dan @prabowo ,emangnya rezim model amburadul begini mau trus lanjut???"
78,"@agimugni @hanan_anarki @gojenk__ @txtdrpemerintah @prabowo @Kemhan_RI @Gerindra Wakakak ada yang komplen saya bilang alutsista itu menurut KBBI singkatan dari alat utama sistem pertahanan. Dia tunjukkin lah definisi alutsista di salah satu peraturan menhan.   Masalahnya kalau udah di peraturan legislatif, gitar aja definisinya bisa lain"
79,@Gerindra @prabowo OkeğŸ‘
80,"@sismslmrp @prabowo Aamiin. Siap! Akan disampaikan jika ada kesempatannya, ya.ğŸ™"
81,@RaphaelRay0404 @hanan_anarki @gojenk__ @txtdrpemerintah @prabowo @Kemhan_RI @Gerindra ada apa ini kawan kok rame
82,@Fahrihamzah @prabowo @fadlizon Mulai nyolek2 bekas sohib nya.ğŸ¤£ğŸ¤£ğŸ¤£..
83,@Gerindra Sala-satu cara diberkahi harta dan diberi perlindungan di hari akhir oleh Allah SWT. Titip salam buat pak @prabowo min
84,"@psi_id Tuh kong @GeiszChalifah , mrk berani bahas kebijakan @prabowo . Engkong dkk berani gak?"
85,Survei SPIN: Prabowo Subianto Paling Pantas Lanjutkan Program Pembangunan Era Jokowi  https://t.co/fsBibYSxk5
86,@Tokenppocket Nice project and congratulations to the team for their efforts and dedication and highly appreciated the visionary thought of the projector and it will create history ã‚³ãƒ«ãƒŠit will go to moonãƒ­ã‚±ãƒƒãƒˆ  @jokowi  @prabowo  @AhmadKh94134860
87,ğŸ¥°â¤ğŸ‡®ğŸ‡©ğŸ‡®ğŸ‡©  Prabowo Bikin Terobosan Modernisasi Senjata Kita Makin Canggih Makin Kuat @Kemhan_RI @prabowo
88,ğŸ‡®ğŸ‡©ğŸ‡®ğŸ‡©ğŸ‡®ğŸ‡©  Prabowo Bikin Terobosan Modernisasi Senjata Kita Makin Canggih Makin Kuat @Kemhan_RI @prabowo
89,Prabowo Bikin Terobosan Modernisasi Senjata Kita Makin Canggih Makin Kuat @Kemhan_RI @prabowo
90,â¤â¤â¤â¤â¤  Prabowo Bikin Terobosan Modernisasi Senjata Kita Makin Canggih Makin Kuat @Kemhan_RI @prabowo
91,ğŸ¥°ğŸ¥°  Prabowo Bikin Terobosan Modernisasi Senjata Kita Makin Canggih Makin Kuat @Kemhan_RI @prabowo
92,ğŸ˜ğŸ˜ğŸ˜ğŸ˜  Prabowo Bikin Terobosan Modernisasi Senjata Kita Makin Canggih Makin Kuat @Kemhan_RI @prabowo
93,@FrenchHist Pak @prabowo harap dilaporkan ke @KPK_RI dulu nih hadiah2nya yahh
94,Ga ada tandingannyağŸ˜  Prabowo Bikin Terobosan Modernisasi Senjata Kita Makin Canggih Makin Kuat @Kemhan_RI @prabowo
95,"Saluuuuuut, bukan sesuatu mudah untuk memastikan modernisasi persenjataan perang Indonesia. Visi Keren Prabowo Subianto.  Prabowo Bikin Terobosan Modernisasi Senjata Kita Makin Canggih Makin Kuat @Kemhan_RI @prabowo"
96,"Emang bener si, bukan sesuatu mudah untuk membangun memperbaharui persenjataan perang Indonesia. Visi Keren Prabowo Subianto.  Prabowo Bikin Terobosan Modernisasi Senjata Kita Makin Canggih Makin Kuat @Kemhan_RI @prabowo"
97,Survei SPIN: Prabowo Subianto Paling Pantas Lanjutkan Program Pembangunan Era Jokowi  https://t.co/XMLveCuGbs
98,@Seto75829611 @antaranews Dinegara kita mentalnya lebih baik jadi makelar daripada produksi sendiri. Saat kampanye Pilpres ngibulin rakyat menyatakan akan utamakan produk dalam negri @prabowo @jokowi. Nyatanya jeruk dan berbagai komiditi yg bisa dihasilkan dalam negri diimport membuat petani makin melarat
99,Mantaaaap..  Prabowo Bikin Terobosan Modernisasi Senjata Kita Makin Canggih Makin Kuat @Kemhan_RI @prabowo
100,Prabowo Bikin Terobosan Modernisasi Senjata Kita Makin Canggih Makin Kuat @Kemhan_RI @prabowo
101,"Hey, Indonesia menghadapi masalah dan ancaman yang tidak kecil, dari Internal maupun luar, terhadap kedaulatan. Visi Keren Prabowo Subianto, kita harus siap.  Prabowo Bikin Terobosan Modernisasi Senjata Kita Makin Canggih Makin Kuat @Kemhan_RI @prabowo"
102,Salut bangeeeeet..  bukan sesuatu mudah untuk memastikan modernisasi persenjataan perang Indonesia. Visi Keren Prabowo Subianto.  Prabowo Bikin Terobosan Modernisasi Senjata Kita Makin Canggih Makin Kuat @Kemhan_RI @prabowo
103,@TokenPomo @jokowi @sandiuno @prabowo
104,"@Kemhan_RI @florence_parly @prabowo Mengingat statusnya pak Bowo DuDa,Jadi yaa wajarlah Kalo Pak Bowo fall in love ke Mbak @florence_parly  Walaupun seharusnya pembeli adalah raja"
105,Saluuuut  Prabowo Bikin Terobosan Modernisasi Senjata Kita Makin Canggih Makin Kuat @Kemhan_RI @prabowo
106,Prabowo Bikin Terobosan Modernisasi Senjata Kita Makin Canggih Makin Kuat @Kemhan_RI @prabowo
107,@jokowi @prabowo @rianernesto Ratas terakhir yang diikuti oleh Bu Connie menyatakan bahwa Pak @jokowi hanya bilang untuk selesaikan MEF. Tidak ada pembahasan pembelian Rafale di dalam ratas tersebut
108,Survei SPIN: Prabowo Subianto Paling Pantas Lanjutkan Program Pembangunan Era Jokowi  https://t.co/y8gw1LIar8
109,"@Kemhan_RI @florence_parly @prabowo Ramenez la coupe Ã  la maison Allez les bleus, allez 20 ans aprÃ¨s c'est le moment Allez les bleus, allez  Buat yg paham aja! (Jangan nyanyi)"
110,@Kemhan_RI @florence_parly @prabowo Dalam menghormati tamu masalah bahasa menurut saya biasa saja
111,"@jokowi @prabowo @rianernesto @rianernesto: butuh transparansi dalam pembelian Rafale, rakyat masih belum teryakinkan apakah pembelian ini yang tepat  Di dalam web Dassault tidak ada point ToT untuk Indonesia"
112,Rilis Survei Spin: Elektabilitas Prabowo Subianto MasihÂ Tertinggi  https://t.co/ZSyrnWNhTc
113,"Mataaap, Indonesia melaksanakan keputusan cerdas dengan rencananya memboyong 42 Rafale dan dua Scorpene dari Prancis. Visi Keren Prabowo Subianto.  Prabowo Bikin Terobosan Modernisasi Senjata Kita Makin Canggih Makin Kuat @Kemhan_RI @prabowo"
114,"@jokowi @prabowo @rianernesto: modernisasi sangat penting, namun PSI harus realistis dengan kondisi yg ada, terutama kondisi ekonomi yang sangat terdampak oleh pandemi."
115,"Emang sih, bukan sesuatu mudah untuk membangun memperbaharui persenjataan perang Indonesia. Visi Prabowo Subianto keren  Prabowo Bikin Terobosan Modernisasi Senjata Kita Makin Canggih Makin Kuat @Kemhan_RI @prabowo"
116,"@kentankkkmcd @Gerindra Admin @Gerindra memang gada lawan sih, ky idolaku pak Prabs @prabowo ğŸ˜­"
117,"Rachel Maryam: Perintah pertama Pak @jokowi kepada Pak @prabowo, membuat grand design pertahanan Indonesia selama 25 tahun ke depan"
118,Survei SPIN: Prabowo Subianto Paling Pantas Lanjutkan Program Pembangunan Era Jokowi  https://t.co/p1pUSrlazv
119,@Kbn_Sulut @prabowo @Kemhan_RI belinya di angsur sama pulau ya?
120,@LiaImawati2 @prabowo @Kemhan_RI Toooop
121,Survei SPIN: Prabowo Subianto Paling Pantas Lanjutkan Program Pembangunan Era Jokowi  https://t.co/SSmLD75cpo
122,@conan_idn @Dahnilanzar @prabowo Setuju..tlg di jwb bung danil
123,@Kbn_Sulut @prabowo @Kemhan_RI Pelan2 mulai nampak..siapa sebetulnya yg layak memimpin negara sebesar ini..sehat2 trs ya bapak @prabowo
124,"@ethique4 @SAFRAN @Dassault_OnAir @florence_parly @prabowo @thalesgroup @Armees_Gouv @SafranEngines @SafranLandingS @SafranAerosys @SafranElectric @SafranElecDef T'es au courant qu'on est pas les seuls Ã  vendre de l'armement ? Si ils achÃ¨tent pas chez nous, ils achÃ¨teront ailleurs et Ã§a fera de l'argent en moins pour la France."
125,"@_miomr__ @sigitwid @psi_id @rianernesto @prabowo @kokokdirgantoro @GunRomli @andrewenas @Uki23 Setuju kok, kita harus tingkatkan alusista kita. Gak harus sekarang tapinya, kan? Thailand enak udah beli F16 dari tahun 1980an. Itu aja akan dimodernisasi lagi mulai tahun 2023. Sudah ya, bila anda lebih setuju beli sekarang ya gpp, artinya kita beda pendapat. Saling hormati aja"
126,"@muraille8888 @SAFRAN @Dassault_OnAir @florence_parly @prabowo @thalesgroup @Armees_Gouv @SafranEngines @SafranLandingS @SafranAerosys @SafranElectric @SafranElecDef C'Ã©tait des anglophones, lÃ  c'est un contrat avec des gens normaux ğŸ˜‚"
127,"@_miomr__ @sigitwid @psi_id @rianernesto @prabowo @kokokdirgantoro @GunRomli @andrewenas @Uki23 Sebagai mantan dosen hukum diplomatik di UI, saya bisa bilang skala konflik kita dengan Tiongkok belum mengarah pada sengketa apalagi pertikaian."
128,"@_miomr__ @sigitwid @psi_id @rianernesto @prabowo @kokokdirgantoro @GunRomli @andrewenas @Uki23 Kalo ditunda 1-2 tahun gpp kan belinya. Pertahanan gak harus militer aja. Covid beres ekonomi pulih, baru belanja pesawat. Kalo saya melihatnya, trickle down effect pembelian pesawat ini hampir gak ada buat pemulihan covid dan ekonomi. Sebaiknya kita melihat itu juga."
129,"@_miomr__ @sigitwid @psi_id @rianernesto @prabowo @kokokdirgantoro @GunRomli @andrewenas @Uki23 Jadi gini, masalah APBN itu masalah prioritas. Kita punya RPJMN dan modernisasi alusista memang masuk prioritas. Tapi dalam kondisi mendesak diperlukan contigency plan. Kemenhan harusnya luwes juga melihat kondisi."
130,@Puspen_TNI @prabowo
131,@DwiRanjani1 @HanipSinta @Kemhan_RI @prabowo Keren lah pemimpin kita
132,@MarniNurliza @HindianiTika @Kemhan_RI @prabowo Setuju sis. Dan ini butuh keputusan besar pemimpin kita.
133,@AdaniDian @prabowo @Kemhan_RI IndonesiağŸ‡®ğŸ‡© kaya merdeka sepanjang masa.
134,"2. Harga per unit pesawat adalah Rp $120 Juta = 1,7 Triliun.  3. Pesawat akan tiba dalam waktu sekitar 56 bulan sejak kontrak diefektifkan.  4. Menhan RI Prabowo Subianto, terlibat langsung dalam pemilihan pesawat ini"
135,@Kinanti_mhrni @Kemhan_RI @prabowo Hadapi ancaman  dengan menata kesiapan alutsista kita.
136,@HindianiTika @Kemhan_RI @prabowo Keputusan yang membutuhkan keberanian. Bravo pak.
137,"@HindianiTika @Kemhan_RI @prabowo Betapa pentingnya modernisasi alutsista kita, demi Indonesia kuat"
138,@HanipSinta @Kemhan_RI @prabowo Setuju ini. Dukung terus pak
139,"@lil_noted @KakekHalal @MudasirRomini @dennysirregar7 @prabowo Aku dulu punya group namanya bajak laut, sama mantan 1. Info ada, tp ga ada yg ngajakin, jd ga ngerti harus gimana ğŸ™ˆ"
140,"@_miomr__ @sigitwid @psi_id @rianernesto @prabowo @kokokdirgantoro @GunRomli @andrewenas @Uki23 Lihat kemampuan tempur laut kita. Jauh diatas negara-negara ASEAN lain. PSI tidak mendebat perlunya modernisasi alusista. Tapi gak sekarang. Abis pandemi. Itu aja. Ya kalo gak setuju gpp, gak usah jelek2in orang lain. Ad hominem.  https://t.co/sEIiZMbuIt"
141,@SofiaMawa @prabowo @Kemhan_RI Merdeka....
142,@MadinaSela @Kemhan_RI @prabowo Mantapppp
143,@MSApunya @RachmatBawono @prabowo Kala itu.. Waktu itu..
144,@aryobimmo @sigitwid @psi_id @rianernesto @prabowo @kokokdirgantoro @GunRomli @andrewenas @Uki23 wkwkk kok anda kontradiktif. lah itu pulau buatan tiongkok dibikin di LCS aja udah salah. bahkan kapal perang tiongkok aja udah mulai masuk laut natuna utara. yakin itu bakal bukan jadi musuh? gak usah naif dan pura2 bodoh.
145,@Arissetiana9 @Kemhan_RI @prabowo Sehat selalu pak menhan
146,@HindianiTika @Kemhan_RI @prabowo Alutsista perlu dimodernisasi agar negara mampu menangkal berbagai ancaman
147,Sungguh sungguh bekerja untuk negara kami. Thanks bapak @prabowo  @Kemhan_R  prabowo bikin terobosan modernisasi senjata kita makin canggih makin kuat
148,@DudungKarisma @Kemhan_RI @prabowo Makin hebat pertahanan negara kita karna pak menhan nya juga hebat
149,"@LennyNurlianti @rahayuu1_ayu @Kinanti_mhrni @Kemhan_RI @prabowo Pemimpin visioner negara kuat. Berbenah dengan alutsista modern, keren pak"
150,@NobitaRidwan @Kemhan_RI @prabowo Keren pak maju terus pertahanan indonesia
151,@rahayuu1_ayu @Kinanti_mhrni @Kemhan_RI @prabowo Pemimpin keren alutsista keren
152,@_miomr__ @sigitwid @psi_id @rianernesto @prabowo @kokokdirgantoro @GunRomli @andrewenas @Uki23 Tiongkok bukan musuh. Wong invest besar2an di Indonesia mosok jadi musuh. Ilang semua itu duit. Ada alasan mengapa anda mengira Tiongkok adalah musuh?
153,@HanipSinta @MarniNurliza @Kemhan_RI @prabowo Pemimpin cerdas negara kuat
154,@aryobimmo @sigitwid @psi_id @rianernesto @prabowo @kokokdirgantoro @GunRomli @andrewenas @Uki23 kita ribut gk sama china? coba bandingin.
155,@_miomr__ @sigitwid @psi_id @rianernesto @prabowo @kokokdirgantoro @GunRomli @andrewenas @Uki23 Lah emang kita ribut sama Singapur? Masalah apa?
156,@aryobimmo @sigitwid @psi_id @rianernesto @prabowo @kokokdirgantoro @GunRomli @andrewenas @Uki23 tunjukkin lah PSI itu benar pembeda. kalo setiap ada partai baru ujung2nya bikin isu yang gk membangun buat apa? emang negara kita tidak ngluarin uang buat covid? kan enggak. tolonglah.
157,"@Kinanti_mhrni @Kemhan_RI @prabowo Visi keren pak. Menatap jauh ke depan, hadapi ancaman dengan menyiapkan kekuatan kita"
158,@SorayaNatashya @Kemhan_RI @prabowo Aduhhh.. Gentle sekali Pak Prabowo ini..   @kemhan_ri @prabowo  Prabowo Bikin Terobosan Modernisasi Senjata Kita Makin Canggih Makin Kuat
159,"@Ebn_banten1 @prabowo @Kemhan_RI Keren, Pemerintah melakukan keputusan strategis dengan rencananya memboyong 42 Rafale dan dua Scorpene dari Prancis. Visi Keren @prabowo Subianto. @Kemhan_RI  Prabowo Bikin Terobosan Modernisasi Senjata Kita Makin Canggih Makin Kuat"
160,@SofiaMawa @prabowo @Kemhan_RI Mantap pak.... Perkuat pertahanan negara
161,@SorayaNatashya @Kemhan_RI @prabowo So sweettt...   @kemhan_ri @prabowo  Prabowo Bikin Terobosan Modernisasi Senjata Kita Makin Canggih Makin Kuat
162,@aryobimmo @sigitwid @psi_id @rianernesto @prabowo @kokokdirgantoro @GunRomli @andrewenas @Uki23 liat rusia dan ukraina akhirnya meledak konfliknya. di lcs pun bakal sama bisa kapanpun. beli pesawat tempur itu butuh proses bertahun2.
163,@HanipSinta @Kemhan_RI @prabowo Agar canggih butuh fiskal yang memadai. Tidak apa demi kebaikan bangsa
164,"@Kbn_Sulbar @prabowo @Kemhan_RI Masih menjadi misteri bagiku, siapa pencetus awal mula penggunaan kata ""detik-detik"" yang selalu menjadi judul berita."
165,@kantaohe @Kemhan_RI @prabowo  https://t.co/REW2j5OIRq
166,@Kinanti_mhrni @yuni_eka74 @Kemhan_RI @prabowo Setuju. Ini pilihan tepat buat bangsa dan negara
167,@kantaohe @Kemhan_RI @prabowo  https://t.co/1aUrOrR10j
168,@AlumniJabar1 @prabowo @Kemhan_RI Betul nih. bukan tugas mudah untuk mengawal modernisasi persenjataan perang Indonesia. Visi Keren @prabowo Subianto. @Kemhan_RI  Prabowo Bikin Terobosan Modernisasi Senjata Kita Makin Canggih Makin Kuat
169,@Kinanti_mhrni @Kemhan_RI @prabowo Hadapi ancaman dengan menata kesiapan alutsista kita. Keren.
170,@AmaliahAnjari @Kemhan_RI @prabowo Kerennn Pak..   @kemhan_ri @prabowo  Prabowo Bikin Terobosan Modernisasi Senjata Kita Makin Canggih Makin Kuat
171,@mahesuheee @Kemhan_RI @prabowo  https://t.co/CNecHK1Fch
172,@mahesuheee @Kemhan_RI @prabowo  https://t.co/ripM98MxQz
173,"@AlumniJatim2 @prabowo @Kemhan_RI Salut, bukan pekerjaan gampang untuk membangun modernisasi persenjataan tempur Indonesia. Visi Keren @prabowo Subianto. @Kemhan_RI  Prabowo Bikin Terobosan Modernisasi Senjata Kita Makin Canggih Makin Kuat"
174,"Ok banget, Visi Keren Prabowo Subianto, bisa membangun alutsista dengan kemampuan canggih dan bisa digunakan untuk semua misi dan efektif.  Prabowo Bikin Terobosan Modernisasi Senjata Kita Makin Canggih Makin Kuat  @Kemhan_RI  @prabowo"
175,@Atoariii @Kemhan_RI @prabowo  https://t.co/IZCcH8MoST
176,@Belneg_INT @prabowo @Kemhan_RI Nasib jet tempur KF-21 boramae kerja sama dengan Korea gimana nie bro?
177,@yuni_eka74 @Kemhan_RI @prabowo Visi keren. Terobosan ini segera terasakan manfaatnya bagi rakyat
178,@Atoariii @Kemhan_RI @prabowo  https://t.co/NZkDlignSl
179,"@Ebn_jateng @prabowo @Kemhan_RI Tuips, Dibutuhkan ruang fiskal yang memadai menjawab mimpi rakyat agar TNI dapat menggunakan alutsista yg modern. Visi Keren @prabowo Subianto. @Kemhan_RI  Prabowo Bikin Terobosan Modernisasi Senjata Kita Makin Canggih Makin Kuat"
180,@Adamidri @Kemhan_RI @prabowo  https://t.co/tMthhVBzR6
181,@AnnisaNurizky2 @Kemhan_RI @prabowo Terus lengkapi persenjataan kita Pak..   @kemhan_ri @prabowo  Prabowo Bikin Terobosan Modernisasi Senjata Kita Makin Canggih Makin Kuat
182,@Adamidri @Kemhan_RI @prabowo  https://t.co/ExZLRaIgIt
183,@LennyNurlianti @Kemhan_RI @prabowo Nusantara begitu luas. Butuh visi keren agar nusantara aman dan kuat
184,"@Ebnjakarta1 @prabowo @Kemhan_RI frend, Dibutuhkan ruang fiskal yang lega menjawab kemauan rakyat agar TNI dapat memakai alutsista yg mumpuni. Visi Keren @prabowo Subianto. @Kemhan_RI  Prabowo Bikin Terobosan Modernisasi Senjata Kita Makin Canggih Makin Kuat"
185,@sandiidim @Kemhan_RI @prabowo  https://t.co/toktpAdte8
186,@sandiidim @Kemhan_RI @prabowo  https://t.co/QpgyyjStD3
187,@Aditadrian12 @Kemhan_RI @prabowo Sungguh mantap pemimpin kita kakak
188,"@ilyas_dody @Kemhan_RI @prabowo Pertahana  negara harus, diperkuat untuk Indonesia yang berdaulat"
189,@ubensohibb @Kemhan_RI @prabowo  https://t.co/OXhZfe9dcn
190,@MarniNurliza @Kemhan_RI @prabowo Butuh pemimpin cerdas agar Indonesia kuat. Bravo pak
191,@VaniaDelicia7 @Kemhan_RI @prabowo Demi pertahanan keamanan negara kenapa tidak?   @kemhan_ri @prabowo  Prabowo Bikin Terobosan Modernisasi Senjata Kita Makin Canggih Makin Kuat
192,"@AlumniJatim2 @prabowo @Kemhan_RI Yess, Indonesia menjalankan cara penting dengan rencananya membawa 42 Rafale dan dua Scorpene dari Prancis. Visi Keren @prabowo Subianto. @Kemhan_RI  Prabowo Bikin Terobosan Modernisasi Senjata Kita Makin Canggih Makin Kuat"
193,@ubensohibb @Kemhan_RI @prabowo  https://t.co/Eg5KGOVWEw
194,"@aryobimmo @sigitwid @psi_id @rianernesto @prabowo @kokokdirgantoro @GunRomli @andrewenas @Uki23 bahkan thailand yang potensi pertahananyya lebih ""kecil"" punya airforce lebih banyak dari indonesia yang dimana luas wilayah thailand ""hanya"" 0.07 dari luas wilayah indonesoa"
195,@VaniaDelicia7 @Kemhan_RI @prabowo Wawww.. Keren Pak..   @kemhan_ri @prabowo  Prabowo Bikin Terobosan Modernisasi Senjata Kita Makin Canggih Makin Kuat
196,@IdrissJaman @Kemhan_RI @prabowo  https://t.co/DAOe1mWh9y
197,@IdrissJaman @Kemhan_RI @prabowo  https://t.co/BVzWwl7aUk
198,@DekaPitri @Kemhan_RI @prabowo Terus bergerak berjuang bersama Pak..   @kemhan_ri @prabowo  Prabowo Bikin Terobosan Modernisasi Senjata Kita Makin Canggih Makin Kuat
199,@DekaPitri @Kemhan_RI @prabowo Setuju sekali...   @kemhan_ri @prabowo  Prabowo Bikin Terobosan Modernisasi Senjata Kita Makin Canggih Makin Kuat
200,@Ebn_banten1 @prabowo @Kemhan_RI Betul nih. bukan hal mudah untuk memastikan memperbaharui persenjataan perang Indonesia. Visi Keren @prabowo Subianto. @Kemhan_RI  Prabowo Bikin Terobosan Modernisasi Senjata Kita Makin Canggih Makin Kuat
201,Bray Nusantara menghadapi tantangan da ancaman yg tidak kecil dari dalam maupun dari luar. Visi Keren Prabowo Subianto  @Kemhan_RI  @prabowo
202,@Kinanti_mhrni @Kemhan_RI @prabowo Berharap alutsista kita dapat menangkal ancaman dari dalam maupun dari luar. Maju terus pak
203,@HennyPurn @Kemhan_RI @prabowo Bagus Pak.. Demi keamanan negara..   @kemhan_ri @prabowo  Prabowo Bikin Terobosan Modernisasi Senjata Kita Makin Canggih Makin Kuat
204,@HindianiTika @Kemhan_RI @prabowo Dukung  Pak Prabowo. Langkah besar menuju Indonesia kuat
205,@HennyPurn @Kemhan_RI @prabowo Ini baru mantappp..   @kemhan_ri @prabowo  Prabowo Bikin Terobosan Modernisasi Senjata Kita Makin Canggih Makin Kuat
206,@shda_agatha_ @KakekHalal @MudasirRomini @dennysirregar7 @prabowo Dari group ga ad info?
207,"Top, bukan pekerjaan gampang untuk membangun modernisasi persenjataan perang Indonesia. Visi  Keren Prabowo Subianto.   @prabowo @Kemhan_RI"
208,@AllysaNursyafa1 @Kemhan_RI @prabowo Love it.. Like it..   @kemhan_ri @prabowo  Prabowo Bikin Terobosan Modernisasi Senjata Kita Makin Canggih Makin Kuat
209,@AllysaNursyafa1 @Kemhan_RI @prabowo Bagus kinerjanya Pak Prabowo  @kemhan_ri @prabowo  Prabowo Bikin Terobosan Modernisasi Senjata Kita Makin Canggih Makin Kuat
210,@AyuSart03792531 @Kemhan_RI @prabowo Wesss... Keren banget ini...   @kemhan_ri @prabowo  Prabowo Bikin Terobosan Modernisasi Senjata Kita Makin Canggih Makin Kuat
211,"Resmiâ€¼ï¸Pemerintah Indonesia Lewat Kemenhan membeli 42 Jet tempur Refale Prancis.   Prabowo Bikin Terobosan Modernisasi Senjata Kita Makin Canggih Makin Kuat , Mantap Gaspoll Kita bisa membawa Indoneska Kuat dan Macan Asia. @Kemhan_RI @prabowo  https://t.co/YRellaXZzd"
212,@MSApunya @RachmatBawono @prabowo Ogah sekarang mah
213,"Keren nih, Visi Keren Prabowo Subianto, mampu memperkokoh persenjataan dengan kemampuan tinggi dan bisa dipakai untuk semua misi dan efektif.   @prabowo @Kemhan_RI"
214,@CSintarani @Kemhan_RI @prabowo Kereeennn sekali...   @kemhan_ri @prabowo  Prabowo Bikin Terobosan Modernisasi Senjata Kita Makin Canggih Makin Kuat
215,@CSintarani @Kemhan_RI @prabowo Mantappp Pak Prabowo..   @kemhan_ri @prabowo  Prabowo Bikin Terobosan Modernisasi Senjata Kita Makin Canggih Makin Kuat
216,@MSApunya @prabowo Ogah ğŸ˜
217,@aryobimmo @sigitwid @psi_id @rianernesto @prabowo @kokokdirgantoro @GunRomli @andrewenas @Uki23 potensi pertanhan itu tidak menggambarkan kondisi pertahanan saat ini. coba tmpilkan definisi potensi pertahanan. jgn satu slide anda kasih. anda pun sudah bilang sudah menjadi pembicara dan menyebutkan karena pulau buatan tiongkok?  emang tiongkok bukan musuh? coba bandingkan.
218,@RinaDiandra1 @Kemhan_RI @prabowo Salut sm Pak Prabowo  @kemhan_ri @prabowo  Prabowo Bikin Terobosan Modernisasi Senjata Kita Makin Canggih Makin Kuat
219,#PrabowoBikinTerobosan  Prabowo Bikin Terobosan @prabowo  https://t.co/2kz5ao5IZX
220,@RinaDiandra1 @Kemhan_RI @prabowo Setuju sekali..   @kemhan_ri @prabowo  Prabowo Bikin Terobosan Modernisasi Senjata Kita Makin Canggih Makin Kuatekali
221,"Magnet @prabowo masih kuat, tapi berat menang  Hari Ini, Tepat 2 Tahun Jelang Pemilu 2024 (3): KedaiKOPI dan Trust Unggulkan Prabowo Disusul Anies Baswedan  https://t.co/1P2GC0r9P8"
222,"@kbnsumut @Kemhan_RI @prabowo Joss, Visi Keren Prabowo Subianto, sanggup memperkokoh persenjataan dengan teknologi tinggi dan mampu digunakan untuk berbagai misi dan efektif.  @Kemhan_RI @prabowo   Prabowo Bikin Terobosan Modernisasi Senjata Kita Makin Canggih Makin Kuat"
223,"Dua nama @ganjarpranowo dan @prabowo saling kejar2an di survey  Hari Ini, Tepat 2 Tahun Jelang Pemilu 2024 (2): Charta, SMRC dan Idikator Tempatkan Ganjar dan Prabowo Terkuat  https://t.co/sRbGQAmJVE"
224,"@aryobimmo @sigitwid @psi_id @rianernesto @prabowo @kokokdirgantoro @GunRomli @andrewenas @Uki23 itu tau ada panas di lcs terus kenapa nanya lagi? emang perang ada yang tau kapan? pesawat temput kita aja masih kalah jumlah sama singapur yg negaranya hanya lebih besar idkit dari jakarta? dan emang beli pesawat pesan langsung diantar?  ""kalo gk ngerti diem"" itu strategi PR nya"
225,"@kbnsumut @Kemhan_RI @prabowo Salut, bukan tanggung jawab gampang untuk memastikan modernisasi persenjataan perang Indonesia. Visi Keren Prabowo Subianto.  @Kemhan_RI @prabowo   Prabowo Bikin Terobosan Modernisasi Senjata Kita Makin Canggih Makin Kuat"
226,"@Kbn_Sulbar @prabowo @Kemhan_RI Top, bukan tugas gampang untuk melakukan modernisasi persenjataan perang Indonesia. Visi Keren Prabowo Subianto.  @prabowo @Kemhan_RI Prabowo Bikin Terobosan Modernisasi Senjata Kita Makin Canggih Makin Kuat"
227,"@Kbn_sulsel @prabowo @Kemhan_RI Yess, Indonesia melakukan cara cerdas dengan rencananya membawa 42 Rafale dan dua Scorpene dari Prancis. Visi Keren Prabowo Subianto.  @prabowo @Kemhan_RI Prabowo Bikin Terobosan Modernisasi Senjata Kita Makin Canggih Makin Kuat"
228,@Kbn_sulsel @prabowo @Kemhan_RI Kok ga ada yg nyinyir ya...rakyat butuh makan bukan butuh pesawat ğŸ˜„ğŸ˜„ğŸ˜„
229,"Sepakat, bukan tanggung jawab mudah untuk melakukan modernisasi persenjataan perang Indonesia. Visi Keren Prabowo Subianto  @prabowo  @Kemhan_RI"
230,"@Kbn_sulsel @prabowo @Kemhan_RI Top, bukan tanggung jawab mudah untuk mengawal memperbaharui persenjataan perang Indonesia. Visi Keren Prabowo Subianto.  @prabowo @Kemhan_RI Prabowo Bikin Terobosan Modernisasi Senjata Kita Makin Canggih Makin Kuat"
231,"@_miomr__ @sigitwid @psi_id @rianernesto @prabowo @kokokdirgantoro @GunRomli @andrewenas @Uki23 Potensi pertahanan Indonesia masih cukup tinggi dibandingkan negara-negara ASEAN lain. Kenapa saya tanya konflik LCS antara siapa dengan siapa, ini menentukan seberapa urgent pembelanjaan ini di tengah pandemi. Gbar ini saya ambil dari analisa nya Andi Wijayanto, pengamat militer  https://t.co/tcd9xr95q9"
232,"@kbnsumut @Kemhan_RI @prabowo Emang sih, bukan tanggung jawab mudah untuk memastikan modernisasi persenjataan perang Indonesia. Visi Keren Prabowo Subianto.  @Kemhan_RI @prabowo   Prabowo Bikin Terobosan Modernisasi Senjata Kita Makin Canggih Makin Kuat"
233,"@Kbn_sulsel @prabowo @Kemhan_RI Guys, Indonesia bertemu permasalahan dan ancaman yang tidak kecil, dari Internal maupun eksternal terhadap kedaulatan. Visi Keren Prabowo Subianto, kita harus siaga.  @prabowo @Kemhan_RI Prabowo Bikin Terobosan Modernisasi Senjata Kita Makin Canggih Makin Kuat"
234,@Kbn_sulsel @prabowo @Kemhan_RI Betul nih. bukan tanggung jawab gampang untuk membangun memperbaharui persenjataan tempur Indonesia. Visi Keren Prabowo Subianto.  @prabowo @Kemhan_RI Prabowo Bikin Terobosan Modernisasi Senjata Kita Makin Canggih Makin Kuat
235,"Salut, bukan tugas mudah untuk melakukan modernisasi persenjataan perang Indonesia. Visi Keren Prabowo Subianto.   @prabowo @Kemhan_RI"
236,Prabowo Bikin Trobosan Moderniasasi Senjata Kita  Makin Canggih Makin Kuat  Aku selalu suka kinerja bapak. @prabowo  @Kemhan_RI
237,"Keren nih, Visi Keren Prabowo Subianto sanggup memperkokoh alutsista dengan spesifikasi tinggi dan mampu digunakan untuk berbagai misi dan efektif.   @Kemhan_RI @prabowo   Prabowo Bikin Terobosan Modernisasi Senjata Kita Makin Canggih Makin Kuat  https://t.co/q0jdns5jTm"
238,"@kbnsumut @Kemhan_RI @prabowo Sepakat, bukan tanggung jawab mudah untuk membangun memperbaharui persenjataan tempur Indonesia. Visi Keren Prabowo Subianto.  @Kemhan_RI @prabowo   Prabowo Bikin Terobosan Modernisasi Senjata Kita Makin Canggih Makin Kuat"
239,"@abe_accord @prabowo @florence_parly Coba dulu, jangan jangan mancis korek api"
240,"@rizz1too @fadlizon Kalo Pak @prabowo nggak pakai buzzer buat muja2 dia, baru itu trobosan terbaru"
241,"@Kbn_sulsel @prabowo @Kemhan_RI Wowww, Kemhan melaksanakan keputusan strategis dengan rencananya membawa 42 Rafale dan dua Scorpene dari Prancis. Visi Keren Prabowo Subianto.  @prabowo @Kemhan_RI Prabowo Bikin Terobosan Modernisasi Senjata Kita Makin Canggih Makin Kuat"
242,"Sis, Diperlukan ruang fiskal yang lega menjawab harapan masyarakat agar TNI dapat memakai alutsista yg modern. Visi Keren Prabowo Subianto.   @prabowo  @Kemhan_RI"
243,"@kbnsumut @Kemhan_RI @prabowo Top, bukan sesuatu mudah untuk memastikan modernisasi persenjataan perang Indonesia. Visi Keren Prabowo Subianto.  @Kemhan_RI @prabowo   Prabowo Bikin Terobosan Modernisasi Senjata Kita Makin Canggih Makin Kuat"
244,"@Kbn_sulsel @prabowo @Kemhan_RI Sepakat, bukan pekerjaan mudah untuk mengawal modernisasi persenjataan perang Indonesia. Visi Keren Prabowo Subianto.  @prabowo @Kemhan_RI Prabowo Bikin Terobosan Modernisasi Senjata Kita Makin Canggih Makin Kuat"
245,"@kbnsumut @Kemhan_RI @prabowo Joss, Indonesia menjalankan langkah penting dengan rencananya memboyong 42 Rafale dan dua Scorpene dari Prancis. Visi Keren Prabowo Subianto.  @Kemhan_RI @prabowo   Prabowo Bikin Terobosan Modernisasi Senjata Kita Makin Canggih Makin Kuat"
246,@Shifabella7 @prabowo @Kemhan_RI Gille Ongkos terbangnya perjam 16500 dolar
247,"@Kbn_Sulut @prabowo @Kemhan_RI Bro, Bangsa ini melawan permasalahan dan ancaman yang tidak kecil, dari Internal maupun eksternal terhadap kedaulatan. Visi Keren Prabowo Subianto, kita harus siap.  @prabowo @Kemhan_RI Prabowo Bikin Terobosan Modernisasi Senjata Kita Makin Canggih Makin Kuat"
248,"@Kbn_sulsel @prabowo @Kemhan_RI Bro, Diperlukan ruang anggaran yang lega menjawab keinginan rakyat agar TNI dapat memakai alutsista yg mumpuni. Visi Keren Prabowo Subianto.  @prabowo @Kemhan_RI Prabowo Bikin Terobosan Modernisasi Senjata Kita Makin Canggih Makin Kuat"
249,"Joss, Visi Keren Prabowo Subianto, mampu memperkokoh alutsista dengan spesifikasi tinggi dan bisa digunakan untuk berbagai misi.  @prabowo  @Kemhan_RI"
250,"@Kbnjatim @prabowo @Kemhan_RI Ok banget, Visi Keren Prabowo Subianto, mampu memperkokoh alutsista dengan spesifikasi tinggi dan mampu dipakai untuk berbagai misi dan efektif.  @prabowo @Kemhan_RI Prabowo Bikin Terobosan Modernisasi Senjata Kita Makin Canggih Makin Kuat"
251,"@Kbn_sulsel @prabowo @Kemhan_RI Top, bukan hal gampang untuk melakukan memperbaharui alat utama sistem senjata (alutsista) Indonesia. Visi Keren Prabowo Subianto.  @prabowo @Kemhan_RI Prabowo Bikin Terobosan Modernisasi Senjata Kita Makin Canggih Makin Kuat"
252,"@Kbnjatim @prabowo @Kemhan_RI Guys, NKRI menghadapi masalah dan ancaman yang tidak mudah, dari Internal maupun luar, terhadap kedaulatan. Visi Keren Prabowo Subianto, kita harus siaga.  @prabowo @Kemhan_RI Prabowo Bikin Terobosan Modernisasi Senjata Kita Makin Canggih Makin Kuat"
253,@_miomr__ @sigitwid @psi_id @rianernesto @prabowo @kokokdirgantoro @GunRomli @andrewenas @Uki23 Ini ngomongin strategi PR atau pertahanan negara? Saya tertarik jawaban anda. Yang anda tidak setujui dari pendapat PSI apa?
254,@Kbn_sulsel @prabowo @Kemhan_RI Beli dari prancis trus kalau suatu saat kita ribut dengan prancis apakah pesawat tersebut bisa di shut down atau minimal di restar oleh prancis? ada yang bisa jelaskan ini sumpah saya ngga paham beginian tapi kalau masalah kenapa kucing takut sama tikus saya dikit paham lah.âœŒï¸ğŸ»ğŸ¤£
255,"@Kbnyogya @prabowo @Kemhan_RI Bro, Diperlukan ruang fiskal yang cukup menjawab keinginan rakyat agar TNI dapat memakai alutsista yg mumpuni. Visi Keren Prabowo Subianto.  @prabowo @Kemhan_RI Prabowo Bikin Terobosan Modernisasi Senjata Kita Makin Canggih Makin Kuat"
256,"@Adityaaaa71 @prabowo @Kemhan_RI sis, Diperlukan ruang anggaran yang lega menjawab kemauan rakyat agar TNI dapat memakai alutsista yg canggih. Visi Keren Prabowo Subianto.  @prabowo @Kemhan_RI Prabowo Bikin Terobosan Modernisasi Senjata Kita Makin Canggih Makin Kuat"
257,"@kbnpapua_ @prabowo @Kemhan_RI Mantep, Indonesia melakukan keputusan penting dengan rencananya membawa 42 Rafale dan dua Scorpene dari Prancis. Visi Keren Prabowo Subianto.  @prabowo @Kemhan_RI Prabowo Bikin Terobosan Modernisasi Senjata Kita Makin Canggih Makin Kuat"
258,"@Belneg_INT @prabowo @Kemhan_RI Guys, Nusantara melawan tantangan dan ancaman yang tidak mudah, dari dalam maupun eksternal terhadap kedaulatan. Visi Keren Prabowo Subianto, kita harus siaga.  @prabowo @Kemhan_RI Prabowo Bikin Terobosan Modernisasi Senjata Kita Makin Canggih Makin Kuat"
259,"Pesanan 42 Jet Tempur dari Prancis Capai Rp68 Triliun, Anggota DPR Harapkan Ini dari Prabowo Subianto  https://t.co/2wP0oVNXAZ"
260,"@kbnpapuabrt @prabowo @Kemhan_RI Top, Visi Keren Prabowo Subianto, mampu membangun persenjataan dengan teknologi tinggi dan mampu digunakan untuk semua misi dan efektif.  @prabowo @Kemhan_RI Prabowo Bikin Terobosan Modernisasi Senjata Kita Makin Canggih Makin Kuat"
261,"@kbn_ntb @prabowo @Kemhan_RI Eh Bray, Indonesia bertemu tantangan dan ancaman yang tidak ringan, dari Internal maupun luar, terhadap kedaulatan. Visi Keren Prabowo Subianto, kita harus siaga.  @prabowo @Kemhan_RI Prabowo Bikin Terobosan Modernisasi Senjata Kita Makin Canggih Makin Kuat"
262,"@hanifyahyaasya1 @prabowo Setuju sih, Sayangnya prioritas belanja negara mungkin ""berbeda"""
263,"Pengamat: Gerindra Itu Anut Paham Demokrasi Minimalis, Calonkan Prabowo Empat Kali: Partai Gerindra disebut sebagai partai yang menganut paham demokrasi minimalis lantaran ingin lagi mencalonkan Prabowo Subiantoâ€¦  https://t.co/TSdt2PsHQG #Politik #PrabowoSubianto #rayrangkuti"
264,"@Kbn_sulsel @prabowo @Kemhan_RI mantaapp, iya jangan apa"" cinaa muluu"
265,@sfi4ns @prabowo Ooh gitu... Semoga kebayar yağŸ˜”
266,cc @prabowo @Kemhan_RI @Gerindra ğŸ˜
267,Kok berani nya perang sama rakyat  @jokowi @prabowo @puanmaharani_ri @mohmahfudmd   Itu teroris papua basmi pak @RamliRizal @SBYudhoyono @ganjarpranowo
268,Betul nih. bukan pekerjaan gampang untuk melakukan memperbaharui persenjataan tempur Indonesia. Visi Keren Prabowo Subianto.  Prabowo Bikin Terobosan Modernisasi Senjata Kita Makin Canggih Makin Kuat  @kemhan_ri @prabowo  https://t.co/4rivp4xNY3
269,"@Alumni_jateng @prabowo @Kemhan_RI Bro, Bangsa ini melawan masalah dan ancaman yang tidak mudah, dari dalam maupun eksternal terhadap kedaulatan. Visi Keren @prabowo Subianto, kita harus siaga. @Kemhan_RI  Prabowo Bikin Terobosan Modernisasi Senjata Kita Makin Canggih Makin Kuat"
270,"@kbnmoloku @prabowo @Kemhan_RI Eh Bray, Bangsa ini melawan masalah dan ancaman yang tidak ringan, dari Internal maupun luar, terhadap kedaulatan. Visi Keren Prabowo Subianto, kita harus siap.  @prabowo @Kemhan_RI Prabowo Bikin Terobosan Modernisasi Senjata Kita Makin Canggih Makin Kuat"
271,"@Ary_pakeY @prabowo Ngutang, berjangka lamaâ€¦ skema kredit, kalo nda salah."
272,"@Kbn_sulsel @prabowo @Kemhan_RI Sekarang perangnya bukan dengan senjata, tpi dengan idiologis"
273,"Pak @prabowo , kalo 42 Rafale itu statusnya hutang atau gimana ya?  Serius nanya  https://t.co/iKL70gDeWl"
274,@MSApunya @prabowo dikemanain itu duit??
275,"@BantenKbn @prabowo @Kemhan_RI Emang sih, bukan pekerjaan gampang untuk melakukan modernisasi persenjataan perang Indonesia. Visi Keren Prabowo Subianto.  @prabowo @Kemhan_RI Prabowo Bikin Terobosan Modernisasi Senjata Kita Makin Canggih Makin Kuat"
276,"@Adityaaaa71 @prabowo @Kemhan_RI Top, bukan pekerjaan mudah untuk memastikan modernisasi alat utama sistem senjata (alutsista) Indonesia. Visi Keren Prabowo Subianto.  @prabowo @Kemhan_RI Prabowo Bikin Terobosan Modernisasi Senjata Kita Makin Canggih Makin Kuat"
277,"@Belneg_INT @prabowo @Kemhan_RI frend, Dibutuhkan ruang fiskal yang cukup menjawab mimpi rakyat agar TNI dapat menggunakan alutsista yg modern. Visi Keren Prabowo Subianto.  @prabowo @Kemhan_RI Prabowo Bikin Terobosan Modernisasi Senjata Kita Makin Canggih Makin Kuat"
278,@Adityaaaa71 @prabowo @Kemhan_RI Betul nih. bukan hal gampang untuk memastikan memperbaharui alat utama sistem senjata (alutsista) Indonesia. Visi Keren Prabowo Subianto.  @prabowo @Kemhan_RI Prabowo Bikin Terobosan Modernisasi Senjata Kita Makin Canggih Makin Kuat
279,"sis, Dibutuhkan ruang fiskal yang lega menjawab keinginan masyarakat agar TNI dapat memakai alutsista yg canggih. Visi Keren Prabowo Subianto.  Prabowo Bikin Terobosan Modernisasi Senjata Kita Makin Canggih Makin Kuat @prabowo @Kemhan_RI  https://t.co/iiMRqfRkpM"
280,"#Endonezya, FransÄ±z ÅŸirketi Dassault ile 6 Rafale savaÅŸ uÃ§aÄŸÄ± satÄ±n alma sÃ¶zleÅŸmesi imzaladÄ±.   ğŸ’¬ Savunma BakanÄ± Prabowo Subianto: 6 uÃ§aklÄ±k ilk sÃ¶zleÅŸmenin imzalanmasÄ±yla baÅŸladÄ±k ve bunu yakÄ±n gelecekte 36 uÃ§ak ile devam edecek sÃ¶zleÅŸmeler takip edecek.  https://t.co/APRZBud33r"
281,"Prabowo Bikin Trobosan Moderniasasi Senjata Kita  Makin Canggih Makin Kuat  Indonesia melawan ancaman yang tidak ringan dari dalam, maupun luar @prabowo  @Kemhan_RI   hormat!!!!"
282,@Kbn_sulsel @prabowo @Kemhan_RI Gak ada yang protes sama Prabowo? Fadli Zhong mana suaramu? Bukan lebih penting uangnya buat rakyat Zon?...Faisal Basri? Rizal Ramli mana komentarmu tentang pesawat? Jangan Jokowi jadi sasaran mu
