username,tweet,location
bengkeldodo,@GarisTengahbe @prabowo @Gerindra @azissubekti @Don_dasco @Dahnilanzar @BANGSAygSUJUD @dayana47631052 @Arelan05 @are_inismyname akurat !!!!!!,JAMBI
bengkeldodo,@iimalmar @prabowo @Gerindra @azissubekti @Don_dasco @Dahnilanzar @BANGSAygSUJUD @dayana47631052 @Arelan05 @are_inismyname doakan selalu mba .....,JAMBI
Grobog1Gerindra,Dewan Pimpinan Cabang Partai Gerindra Kabupaten Grobogan PEDULI BANJIR !!!   #mendingprabowo #prabowosubianto #prabowo #gerindra #gerindrajateng #gerindrajawatengah #dpcgerindragrobogan #gerindragrobogan #banjirgrobogan  https://t.co/nN9fP3mwqP,JAMBI
gerindra_pati,Gerindra memasang target jadi pemenang Pemilu 2024. Sekjen Gerindra Ahmad Muzani memerintahkan kader Gerindra memasang spanduk Gerindra dan Ketum Prabowo Subianto.  #MendingPrabowo #PrabowoSubianto #Prabowo #gerindraJateng #gerindraJawaTengah #GerindraPati  https://t.co/Qag9BkKkY6,JAMBI
Taniaanandaa,Das'ad Latif memberikan pesan secara khusus agar bantuan Menhan Prabowo Subianto berupa mobil operasional dapat dimanfaatkan dengan baik.  @prabowo  #dekade08  #mendingprabowo  #pilpres2024  #terusmajubersamaprabowo,JAMBI
CalistaKaisa,Das'ad Latif memberikan pesan secara khusus agar bantuan Menhan Prabowo Subianto berupa mobil operasional dapat dimanfaatkan dengan baik.  @prabowo  #dekade08  #mendingprabowo  #pilpres2024  #terusmajubersamaprabowo,JAMBI
Taniaanandaa,"Pihaknya mengaku, juga bersama para pengurus BKPRMI lainnya, melihat sosok Prabowo sebagai sosok yang paling banyak manfaatnya bagi orang lain.  @prabowo  #dekade08  #mendingprabowo  #pilpres2024  #terusmajubersamaprabowo",JAMBI
Taniaanandaa,"""Tapi alhamdulillah Prabowo bukan memberikan kepada partai, tapi memberikan kepada remaja masjid,” kata Ustad Das'ad Latif.  @prabowo  #dekade08  #mendingprabowo  #pilpres2024  #terusmajubersamaprabowo",JAMBI
CalistaKaisa,"""Tapi alhamdulillah Prabowo bukan memberikan kepada partai, tapi memberikan kepada remaja masjid,” kata Ustad Das'ad Latif.  @prabowo  #dekade08  #mendingprabowo  #pilpres2024  #terusmajubersamaprabowo",JAMBI
Taniaanandaa,"“Alhamdulillah pak Prabowo buktikan hari ini, biasanya yang mau dikasih mobil itu apa pak, partai politik karena ada maunya, tapi ini engga,"" kata Ustad Das'ad Latif.  @prabowo  #dekade08  #mendingprabowo  #pilpres2024  #terusmajubersamaprabowo",JAMBI
CalistaKaisa,"“Alhamdulillah pak Prabowo buktikan hari ini, biasanya yang mau dikasih mobil itu apa pak, partai politik karena ada maunya, tapi ini engga,"" kata Ustad Das'ad Latif.  @prabowo  #dekade08  #mendingprabowo  #pilpres2024  #terusmajubersamaprabowo",JAMBI
Taniaanandaa,"Diketahui, Prabowo Subianto memberikan bantuan sejumlah mobil operasional untuk BKPRMI beberapa waktu lalu.  @prabowo  #dekade08  #mendingprabowo  #pilpres2024  #terusmajubersamaprabowo",JAMBI
CalistaKaisa,"Diketahui, Prabowo Subianto memberikan bantuan sejumlah mobil operasional untuk BKPRMI beberapa waktu lalu.  @prabowo  #dekade08  #mendingprabowo  #pilpres2024  #terusmajubersamaprabowo",JAMBI
Taniaanandaa,"Ustaz Das'ad Latif memuji kedermawanan Prabowo Subianto, kendati jarang diekspos.  @prabowo  #dekade08  #mendingprabowo  #pilpres2024  #terusmajubersamaprabowo",JAMBI
CalistaKaisa,"Ustaz Das'ad Latif memuji kedermawanan Prabowo Subianto, kendati jarang diekspos.  @prabowo  #dekade08  #mendingprabowo  #pilpres2024  #terusmajubersamaprabowo",JAMBI
CalistaKaisa,"Pihaknya mengaku, juga bersama para pengurus BKPRMI lainnya, melihat sosok Prabowo sebagai sosok yang paling banyak manfaatnya bagi orang lain.  @prabowo  #dekade08  #mendingprabowo  #pilpres2024  #terusmajubersamaprabowo",JAMBI
Taniaanandaa,"""Sosok Pak Prabowo Subianto, sangat perhatian terhadap perjuangan dakwah dengan banyak memberikan bantuan,"" ucap Ustad Das'ad Latif.  @prabowo  #dekade08  #mendingprabowo  #pilpres2024  #terusmajubersamaprabowo",JAMBI
CalistaKaisa,"""Sosok Pak Prabowo Subianto, sangat perhatian terhadap perjuangan dakwah dengan banyak memberikan bantuan,"" ucap Ustad Das'ad Latif.  @prabowo  #dekade08  #mendingprabowo  #pilpres2024  #terusmajubersamaprabowo",JAMBI
Taniaanandaa,"Menurut Ustad Das'ad Latif, Prabowo adalah tokoh negarawan yang peduli dengan Umat Islam.  @prabowo  #dekade08  #mendingprabowo  #pilpres2024  #terusmajubersamaprabowo",JAMBI
Taniaanandaa,"Ustad Das'ad Latif memberikan penilaian kepada sosok Menteri Pertahanan RI, Prabowo Subianto Djojohadikusumo (PSD).  @prabowo  #dekade08  #mendingprabowo  #pilpres2024  #terusmajubersamaprabowo",JAMBI
CalistaKaisa,"Menurut Ustad Das'ad Latif, Prabowo adalah tokoh negarawan yang peduli dengan Umat Islam.  @prabowo  #dekade08  #mendingprabowo  #pilpres2024  #terusmajubersamaprabowo",JAMBI
CalistaKaisa,"Ustad Das'ad Latif memberikan penilaian kepada sosok Menteri Pertahanan RI, Prabowo Subianto Djojohadikusumo (PSD).  @prabowo  #dekade08  #mendingprabowo  #pilpres2024  #terusmajubersamaprabowo",JAMBI
Taniaanandaa,Da'i Kondang Ustad Das'ad Latif Sebut Prabowo Sosok yang Ikhlas Peduli Umat.  @prabowo  #dekade08  #mendingprabowo  #pilpres2024  #terusmajubersamaprabowo,JAMBI
CalistaKaisa,Da'i Kondang Ustad Das'ad Latif Sebut Prabowo Sosok yang Ikhlas Peduli Umat.  @prabowo  #dekade08  #mendingprabowo  #pilpres2024  #terusmajubersamaprabowo,JAMBI
Taniaanandaa,"""Mudah-mudahan kedepannya Indonesia dan Kazakstan dapat mengembangkan produksi bersama,” kata Prabowo.  @prabowo  #dekade08  #mendingprabowo  #pilpres2024  #terusmajubersamaprabowo",JAMBI
Taniaanandaa,"“Dalam bidang industri pertahanan, Indonesia berharap dapat menjalin kerja sama melalui mekanisme alih teknologi,"" kata Prabowo.  @prabowo  #dekade08  #mendingprabowo  #pilpres2024  #terusmajubersamaprabowo",JAMBI
CalistaKaisa,"""Mudah-mudahan kedepannya Indonesia dan Kazakstan dapat mengembangkan produksi bersama,” kata Prabowo.  @prabowo  #dekade08  #mendingprabowo  #pilpres2024  #terusmajubersamaprabowo",JAMBI
CalistaKaisa,"“Dalam bidang industri pertahanan, Indonesia berharap dapat menjalin kerja sama melalui mekanisme alih teknologi,"" kata Prabowo.  @prabowo  #dekade08  #mendingprabowo  #pilpres2024  #terusmajubersamaprabowo",JAMBI
Taniaanandaa,"Prabowo berharap dapat menjajaki berbagai potensi kerjasama seperti pengembangan pendidikan militer, pengembangan teknologi pertahanan, dan peluang lain yang dapat dijajaki bersama.  @prabowo  #dekade08  #mendingprabowo  #pilpres2024  #terusmajubersamaprabowo",JAMBI
CalistaKaisa,"Prabowo berharap dapat menjajaki berbagai potensi kerjasama seperti pengembangan pendidikan militer, pengembangan teknologi pertahanan, dan peluang lain yang dapat dijajaki bersama.  @prabowo  #dekade08  #mendingprabowo  #pilpres2024  #terusmajubersamaprabowo",JAMBI
Taniaanandaa,Prabowo menyampaikan terima kasih kepada Duta Besar Kazakhtan H.E. Daniyar Sarakenov yang telah berperan penting dan aktif dalam mensukseskan hubungan bilateral kedua negara.  @prabowo  #dekade08  #mendingprabowo  #pilpres2024  #terusmajubersamaprabowo,JAMBI
CalistaKaisa,Prabowo menyampaikan terima kasih kepada Duta Besar Kazakhtan H.E. Daniyar Sarakenov yang telah berperan penting dan aktif dalam mensukseskan hubungan bilateral kedua negara.  @prabowo  #dekade08  #mendingprabowo  #pilpres2024  #terusmajubersamaprabowo,JAMBI
Taniaanandaa,"Menhan Prabowo Subianto menjelaskan, dalam membangun kerja sama pertahanan, Indonesia berpedoman pada tiga pilar kebijakan.  @prabowo  #dekade08  #mendingprabowo  #pilpres2024  #terusmajubersamaprabowo",JAMBI
CalistaKaisa,"Menhan Prabowo Subianto menjelaskan, dalam membangun kerja sama pertahanan, Indonesia berpedoman pada tiga pilar kebijakan.  @prabowo  #dekade08  #mendingprabowo  #pilpres2024  #terusmajubersamaprabowo",JAMBI
Taniaanandaa,Dalam pertemuan ini dibahas upaya membangun kerja sama pertahanan kedua negara.  @prabowo  #dekade08  #mendingprabowo  #pilpres2024  #terusmajubersamaprabowo,JAMBI
CalistaKaisa,Dalam pertemuan ini dibahas upaya membangun kerja sama pertahanan kedua negara.  @prabowo  #dekade08  #mendingprabowo  #pilpres2024  #terusmajubersamaprabowo,JAMBI
Taniaanandaa,"Menteri Pertahanan Republik Indonesia (Menhan RI) Prabowo Subianto menerima kunjungan Duta Besar Kazakhstan H.E. Mr Daniyar Sarakenov di Kemhan, Jakarta.  @prabowo  #dekade08  #mendingprabowo  #pilpres2024  #terusmajubersamaprabowo",JAMBI
CalistaKaisa,"Menteri Pertahanan Republik Indonesia (Menhan RI) Prabowo Subianto menerima kunjungan Duta Besar Kazakhstan H.E. Mr Daniyar Sarakenov di Kemhan, Jakarta.  @prabowo  #dekade08  #mendingprabowo  #pilpres2024  #terusmajubersamaprabowo",JAMBI
CalistaKaisa,Prabowo pun meminta kader yang ingin keluar dari Gerindra pergi dengan cara baik-baik.  @prabowo  #dekade08  #mendingprabowo  #pilpres2024  #terusmajubersamaprabowo,JAMBI
Taniaanandaa,Menhan Prabowo Subianto Terima Kunjungan Dubes Kazakhstan H.E. Mr Daniyar Sarakenov.  @prabowo  #dekade08  #mendingprabowo  #pilpres2024  #terusmajubersamaprabowo,JAMBI
CalistaKaisa,Menhan Prabowo Subianto Terima Kunjungan Dubes Kazakhstan H.E. Mr Daniyar Sarakenov.  @prabowo  #dekade08  #mendingprabowo  #pilpres2024  #terusmajubersamaprabowo,JAMBI
Taniaanandaa,Prabowo pun meminta kader yang ingin keluar dari Gerindra pergi dengan cara baik-baik.  @prabowo  #dekade08  #mendingprabowo  #pilpres2024  #terusmajubersamaprabowo,JAMBI
Taniaanandaa,"Bahkan, Prabowo tak akan gentar dan berhenti berjuang untuk bangsa dan negara.  @prabowo  #dekade08  #mendingprabowo  #pilpres2024  #terusmajubersamaprabowo",JAMBI
CalistaKaisa,"Bahkan, Prabowo tak akan gentar dan berhenti berjuang untuk bangsa dan negara.  @prabowo  #dekade08  #mendingprabowo  #pilpres2024  #terusmajubersamaprabowo",JAMBI
Taniaanandaa,Prabowo mengaku siap apabila ditinggalkan para kader Gerindra.  @prabowo  #dekade08  #mendingprabowo  #pilpres2024  #terusmajubersamaprabowo,JAMBI
CalistaKaisa,Prabowo mengaku siap apabila ditinggalkan para kader Gerindra.  @prabowo  #dekade08  #mendingprabowo  #pilpres2024  #terusmajubersamaprabowo,JAMBI
Taniaanandaa,Prabowo menilai ada beberapa kader Gerindra yang keluar dari jalur sehingga salah jalan.  @prabowo  #dekade08  #mendingprabowo  #pilpres2024  #terusmajubersamaprabowo,JAMBI
CalistaKaisa,Prabowo menilai ada beberapa kader Gerindra yang keluar dari jalur sehingga salah jalan.  @prabowo  #dekade08  #mendingprabowo  #pilpres2024  #terusmajubersamaprabowo,JAMBI
Taniaanandaa,Ketua Umum Gerindra Prabowo Subianto sempat menyinggung ada kader partainya yang berkeinginan untuk bergabung dengan parpol lain.  @prabowo  #dekade08  #mendingprabowo  #pilpres2024  #terusmajubersamaprabowo,JAMBI
CalistaKaisa,Ketua Umum Gerindra Prabowo Subianto sempat menyinggung ada kader partainya yang berkeinginan untuk bergabung dengan parpol lain.  @prabowo  #dekade08  #mendingprabowo  #pilpres2024  #terusmajubersamaprabowo,JAMBI
Taniaanandaa,"""Ya saya kan menyampaikan apa yang disampaikan yang bersangkutan kepada Pak Prabowo. Bahwa kalau itu kemudian menjamin bahwa dia akan tetap, saya tidak bisa jamin,"" kata Dasco.  @prabowo  #dekade08  #mendingprabowo  #pilpres2024  #terusmajubersamaprabowo",JAMBI
CalistaKaisa,"""Ya saya kan menyampaikan apa yang disampaikan yang bersangkutan kepada Pak Prabowo. Bahwa kalau itu kemudian menjamin bahwa dia akan tetap, saya tidak bisa jamin,"" kata Dasco.  @prabowo  #dekade08  #mendingprabowo  #pilpres2024  #terusmajubersamaprabowo",JAMBI
Taniaanandaa,"""Yang bersangkutan itu kemudian menyatakan bahwa masih tunduk terhadap garis partai dan loyal kepada Pak Prabowo, serta mendukung pencalonan Pak Prabowo sebagai presiden,"" kata Dasco.  @prabowo  #dekade08  #mendingprabowo  #pilpres2024  #terusmajubersamaprabowo",JAMBI
CalistaKaisa,"""Yang bersangkutan itu kemudian menyatakan bahwa masih tunduk terhadap garis partai dan loyal kepada Pak Prabowo, serta mendukung pencalonan Pak Prabowo sebagai presiden,"" kata Dasco.  @prabowo  #dekade08  #mendingprabowo  #pilpres2024  #terusmajubersamaprabowo",JAMBI
Taniaanandaa,Hal tersebut disampaikan Dasco terkait isi pertemuan antara Prabowo dan Sandiaga beberapa waktu lalu.  @prabowo  #dekade08  #mendingprabowo  #pilpres2024  #terusmajubersamaprabowo,JAMBI
CalistaKaisa,Hal tersebut disampaikan Dasco terkait isi pertemuan antara Prabowo dan Sandiaga beberapa waktu lalu.  @prabowo  #dekade08  #mendingprabowo  #pilpres2024  #terusmajubersamaprabowo,JAMBI
Taniaanandaa,Ketua Harian DPP Partai Gerindra Sufmi Dasco Ahmad mengatakan Sandiaga Uno masih tunduk dan loyal kepada Ketua Umum Prabowo Subianto.  @prabowo  #dekade08  #mendingprabowo  #pilpres2024  #terusmajubersamaprabowo,JAMBI
CalistaKaisa,Ketua Harian DPP Partai Gerindra Sufmi Dasco Ahmad mengatakan Sandiaga Uno masih tunduk dan loyal kepada Ketua Umum Prabowo Subianto.  @prabowo  #dekade08  #mendingprabowo  #pilpres2024  #terusmajubersamaprabowo,JAMBI
Taniaanandaa,Dasco: Sandiaga Bilang Masih Tunduk dan Loyal ke Prabowo.  @prabowo  #dekade08  #mendingprabowo  #pilpres2024  #terusmajubersamaprabowo,JAMBI
CalistaKaisa,Dasco: Sandiaga Bilang Masih Tunduk dan Loyal ke Prabowo.  @prabowo  #dekade08  #mendingprabowo  #pilpres2024  #terusmajubersamaprabowo,JAMBI
Taniaanandaa,"""Ini kok di Gerindra ada matahari kembar, Pak Prabowo atau Sandiaga."" kata Adi.  @prabowo  #dekade08  #mendingprabowo  #pilpres2024  #terusmajubersamaprabowo",JAMBI
CalistaKaisa,"""Ini kok di Gerindra ada matahari kembar, Pak Prabowo atau Sandiaga."" kata Adi.  @prabowo  #dekade08  #mendingprabowo  #pilpres2024  #terusmajubersamaprabowo",JAMBI
Taniaanandaa,"Apalagi mengingat, bahwa Partai Gerindra sudah melakukan deklarasi bersama PKB untuk berkoalisi maju Pilpres.  @prabowo  #dekade08  #mendingprabowo  #pilpres2024  #terusmajubersamaprabowo",JAMBI
Taniaanandaa,"""Internal Gerindra itu solid dari pusat hingga daerah, dari pusat hingga RT-RW dan ranting itu tegak lurus pada Prabowo Subianto yang akan diusung maju Pilpres."" kata Adi.  @prabowo  #dekade08  #mendingprabowo  #pilpres2024  #terusmajubersamaprabowo",JAMBI
CalistaKaisa,"""Internal Gerindra itu solid dari pusat hingga daerah, dari pusat hingga RT-RW dan ranting itu tegak lurus pada Prabowo Subianto yang akan diusung maju Pilpres."" kata Adi.  @prabowo  #dekade08  #mendingprabowo  #pilpres2024  #terusmajubersamaprabowo",JAMBI
CalistaKaisa,"Apalagi mengingat, bahwa Partai Gerindra sudah melakukan deklarasi bersama PKB untuk berkoalisi maju Pilpres.  @prabowo  #dekade08  #mendingprabowo  #pilpres2024  #terusmajubersamaprabowo",JAMBI
CalistaKaisa,Seluruh internal partai sudah satu suara mendukung Ketua Umum Partai Gerindra Prabowo Subianto.  @prabowo  #dekade08  #mendingprabowo  #pilpres2024  #terusmajubersamaprabowo,JAMBI
Taniaanandaa,"""Kalau Pak Sandi ingin maju Pilpres tentu bukan Gerindra jawabannya. Karena Gerindra itu harga mati bagi Prabowo Subianto,"" kata Adi.  @prabowo  #dekade08  #mendingprabowo  #pilpres2024  #terusmajubersamaprabowo",JAMBI
CalistaKaisa,"""Kalau Pak Sandi ingin maju Pilpres tentu bukan Gerindra jawabannya. Karena Gerindra itu harga mati bagi Prabowo Subianto,"" kata Adi.  @prabowo  #dekade08  #mendingprabowo  #pilpres2024  #terusmajubersamaprabowo",JAMBI
Taniaanandaa,Seluruh internal partai sudah satu suara mendukung Ketua Umum Partai Gerindra Prabowo Subianto.  @prabowo  #dekade08  #mendingprabowo  #pilpres2024  #terusmajubersamaprabowo,JAMBI
Taniaanandaa,"""Kalau itu kemudian menjamin bahwa dia akan tetap, saya tidak bisa jamin. Tanya saja kepada Mas Sandi,"" kata Dasco.  @prabowo  #dekade08  #mendingprabowo  #pilpres2024  #terusmajubersamaprabowo",JAMBI
AndikKuswanto11, https://t.co/VlTnC7E6pM @jokowi @prabowo,JAMBI
CalistaKaisa,"""Kalau itu kemudian menjamin bahwa dia akan tetap, saya tidak bisa jamin. Tanya saja kepada Mas Sandi,"" kata Dasco.  @prabowo  #dekade08  #mendingprabowo  #pilpres2024  #terusmajubersamaprabowo",JAMBI
Taniaanandaa,"""Serta mendukung pencalonan Pak Prabowo sebagai presiden,"" kata Dasco.  @prabowo  #dekade08  #mendingprabowo  #pilpres2024  #terusmajubersamaprabowo",JAMBI
Taniaanandaa,"""Yang saya tahu bahwa yang bersangkutan itu menyatakan bahwa masih tunduk kepada garis partai dan loyal kepada Pak Prabowo,"" kata Dasco.  @prabowo  #dekade08  #mendingprabowo  #pilpres2024  #terusmajubersamaprabowo",JAMBI
CalistaKaisa,"""Serta mendukung pencalonan Pak Prabowo sebagai presiden,"" kata Dasco.  @prabowo  #dekade08  #mendingprabowo  #pilpres2024  #terusmajubersamaprabowo",JAMBI
CalistaKaisa,"""Yang saya tahu bahwa yang bersangkutan itu menyatakan bahwa masih tunduk kepada garis partai dan loyal kepada Pak Prabowo,"" kata Dasco.  @prabowo  #dekade08  #mendingprabowo  #pilpres2024  #terusmajubersamaprabowo",JAMBI
Taniaanandaa,Ketua Harian DPP Partai Gerindra Sufmi Dasco Ahmad tak 100 persen percaya Sandiaga akan terus bertahan di Partai Gerindra.  @prabowo  #dekade08  #mendingprabowo  #pilpres2024  #terusmajubersamaprabowo,JAMBI
CalistaKaisa,Ketua Harian DPP Partai Gerindra Sufmi Dasco Ahmad tak 100 persen percaya Sandiaga akan terus bertahan di Partai Gerindra.  @prabowo  #dekade08  #mendingprabowo  #pilpres2024  #terusmajubersamaprabowo,JAMBI
CalistaKaisa,Dalam pertemuan tersebut Sandiaga Uno menyatakan setia dan mendukung Prabowo Subianto yang akan menjadi capres 2024 dari Partai Gerindra.  @prabowo  #dekade08  #mendingprabowo  #pilpres2024  #terusmajubersamaprabowo,JAMBI
Taniaanandaa,Pernyataan Sandiaga ini tidak sepenuhnya dipercaya oleh petinggi Partai Gerindra.  @prabowo  #dekade08  #mendingprabowo  #pilpres2024  #terusmajubersamaprabowo,JAMBI
CalistaKaisa,Pernyataan Sandiaga ini tidak sepenuhnya dipercaya oleh petinggi Partai Gerindra.  @prabowo  #dekade08  #mendingprabowo  #pilpres2024  #terusmajubersamaprabowo,JAMBI
Taniaanandaa,Dalam pertemuan tersebut Sandiaga Uno menyatakan setia dan mendukung Prabowo Subianto yang akan menjadi capres 2024 dari Partai Gerindra.  @prabowo  #dekade08  #mendingprabowo  #pilpres2024  #terusmajubersamaprabowo,JAMBI
Taniaanandaa,Sandiaga Uno sendiri sempat bertemu langsung dengan Prabowo.  @prabowo  #dekade08  #mendingprabowo  #pilpres2024  #terusmajubersamaprabowo,JAMBI
CalistaKaisa,Sandiaga Uno sendiri sempat bertemu langsung dengan Prabowo.  @prabowo  #dekade08  #mendingprabowo  #pilpres2024  #terusmajubersamaprabowo,JAMBI
Taniaanandaa,"Diterpa isu pindah ke Partai Persatuan Pembangunan (PPP), hubungan Menparekraf Sandiaga Salahuddin Uno dengan Ketua Umum Partai Gerindra Prabowo Subianto kini menjadi sorotan.  @prabowo  #dekade08  #mendingprabowo  #pilpres2024  #terusmajubersamaprabowo",JAMBI
CalistaKaisa,"Diterpa isu pindah ke Partai Persatuan Pembangunan (PPP), hubungan Menparekraf Sandiaga Salahuddin Uno dengan Ketua Umum Partai Gerindra Prabowo Subianto kini menjadi sorotan.  @prabowo  #dekade08  #mendingprabowo  #pilpres2024  #terusmajubersamaprabowo",JAMBI
Taniaanandaa,"Terkait Pilpres 2024, Kesetiaan Sandiaga Uno ke Prabowo Diragukan Petinggi Gerindra.  @prabowo  #dekade08  #mendingprabowo  #pilpres2024  #terusmajubersamaprabowo",JAMBI
CalistaKaisa,"Terkait Pilpres 2024, Kesetiaan Sandiaga Uno ke Prabowo Diragukan Petinggi Gerindra.  @prabowo  #dekade08  #mendingprabowo  #pilpres2024  #terusmajubersamaprabowo",JAMBI
Taniaanandaa,"Untuk keempat kalinya, Prabowo terpilih pada Musyawarah Nasional PB IPSI, 18 Desember 2021, di hotel Aston, Sentul, Bogor, Jabar.  @prabowo  #dekade08  #mendingprabowo  #pilpres2024  #terusmajubersamaprabowo",JAMBI
CalistaKaisa,"Untuk keempat kalinya, Prabowo terpilih pada Musyawarah Nasional PB IPSI, 18 Desember 2021, di hotel Aston, Sentul, Bogor, Jabar.  @prabowo  #dekade08  #mendingprabowo  #pilpres2024  #terusmajubersamaprabowo",JAMBI
Taniaanandaa,Prabowo terus memimpin organisasi pencak silat nasional hingga saat ini.  @prabowo  #dekade08  #mendingprabowo  #pilpres2024  #terusmajubersamaprabowo,JAMBI
CalistaKaisa,Prabowo terus memimpin organisasi pencak silat nasional hingga saat ini.  @prabowo  #dekade08  #mendingprabowo  #pilpres2024  #terusmajubersamaprabowo,JAMBI
Taniaanandaa,Prabowo Subianto terpilih menjadi Ketua Umum Pengurus Besar Ikatan Pencak Silat Indonesia (PB IPSI) pertama kali pada 2004.  @prabowo  #dekade08  #mendingprabowo  #pilpres2024  #terusmajubersamaprabowo,JAMBI
CalistaKaisa,Prabowo Subianto terpilih menjadi Ketua Umum Pengurus Besar Ikatan Pencak Silat Indonesia (PB IPSI) pertama kali pada 2004.  @prabowo  #dekade08  #mendingprabowo  #pilpres2024  #terusmajubersamaprabowo,JAMBI
Taniaanandaa,Prabowo mengajak seniornya mengembangkan Silat Baringin Sakti yang sebelumnya beraliran silat Minangkabau menjadi bentuk organisasi pencak silat yang beraliran nasional.  @prabowo  #dekade08  #mendingprabowo  #pilpres2024  #terusmajubersamaprabowo,JAMBI
CalistaKaisa,Prabowo mengajak seniornya mengembangkan Silat Baringin Sakti yang sebelumnya beraliran silat Minangkabau menjadi bentuk organisasi pencak silat yang beraliran nasional.  @prabowo  #dekade08  #mendingprabowo  #pilpres2024  #terusmajubersamaprabowo,JAMBI
Taniaanandaa,Prabowo adalah pendiri Perguruan Pencak Silat Satria Muda Indonesia.  @prabowo  #dekade08  #mendingprabowo  #pilpres2024  #terusmajubersamaprabowo,JAMBI
CalistaKaisa,Prabowo adalah pendiri Perguruan Pencak Silat Satria Muda Indonesia.  @prabowo  #dekade08  #mendingprabowo  #pilpres2024  #terusmajubersamaprabowo,JAMBI
CalistaKaisa,"Apakah Sandi dipastikan tetap di Gerindra, menurut Dasco, dirinya hanya menyampaikan apa yang telah disampaikan Sandi kepada Prabowo di pertemuan itu.  @prabowo  #dekade08  #mendingprabowo  #pilpres2024  #terusmajubersamaprabowo",JAMBI
Taniaanandaa,6 Jenderal TNI yang Juga Jago Pencak Silat Termasuk Prabowo.  @prabowo  #dekade08  #mendingprabowo  #pilpres2024  #terusmajubersamaprabowo,JAMBI
