username,tweet,geo
FajarIDNetwork,"Musra XIII Projo di Jatim Kerucutkan 3 Nama Capres, Ganjar Pranowo, Prabowo Subianto dan Airlangga Hartarto  Follow kami untuk berita menarik lainnyaüåê  WR 1 Ratu Tisha Civic PSSI Jodoh Brighton MY GIRL BUMN Mudryk Minggu Arsenal FajRI Super 1000 Spotify  https://t.co/eOpSgMpgZu",
de_folder,"Sekjen Gerindra Ahmad Muzani menginstruksikan pengurus dan kader partainya untuk memasang spanduk bergambar Prabowo Subianto di kampung-kampung hingga pelosok gang, demi supaya Prabowo Presiden 2024.   https://t.co/0nBfc5JpgI",
jatimnowdotcom,"Selain Prabowo, para peserta Musra XIII Jatim juga ada yang mendukung Ganjar Pranowo dan Airlangga Hartanto. #JatimNow #MusraJatim #Musra #MusyawarahRakyat #PrabowoSubianto #prabowo #Capres #Pilpres2024 #politik #Surabaya  https://t.co/J53DSP0an9",
bengkeldodo,@GarisTengahbe @prabowo @Gerindra @azissubekti @Don_dasco @Dahnilanzar @BANGSAygSUJUD @dayana47631052 @Arelan05 @are_inismyname akurat !!!!!!,
bengkeldodo,@iimalmar @prabowo @Gerindra @azissubekti @Don_dasco @Dahnilanzar @BANGSAygSUJUD @dayana47631052 @Arelan05 @are_inismyname doakan selalu mba .....,
GarisTengahbe,@bengkeldodo @prabowo @Gerindra @azissubekti @Don_dasco @Dahnilanzar @BANGSAygSUJUD @dayana47631052 @Arelan05 @are_inismyname Tidak hanya menjadi pemimpin tapi juga mencetak pemimpin.,
Galamedia2022,"PRABOWO SUBIANTO Kembali Buka Pendaftaran Komcad 2023, Bisa Daftar Melalui WhatsApp  https://t.co/2voS8q5leJ",
rakyatinfo7,"""Prabowo Subianto masih belum tergoyahkan hegemoninya di Jawa Barat. Dugaan bahwa Anies Baswedan berhasil menggerus kantong-kantong suara",
yaniarsim,"Bentrokan TKI China dg TK Indonesia, alat berat PT GNI mulai dibakar massa. Sebuah pertambangan besar di Kab Morowali Utara, Sulawesi Tengah. Bentrokan terjadi Sabtu 14 Januari 2023 siang hingga malam. Cc @Kemhan_RI @prabowo @jokowi  https://t.co/o6AItwZd5W",
wa_one1,Siapakah yg harus bertanggung jawab Pak ??? üôèüôèüôèüáÆüá©‚ù§Ô∏è @jokowi @luhut_binsar @prabowo @DPR_RI @FPKSDPRRI @menakertrans @kemendagri @republikaonline @temponewsroom @kompascom @NasDem @PDemokrat,
ZidWorld_,"Sekjen Gerindra Ahmad Muzani menginstruksikan pengurus dan kader partainya untuk memasang spanduk bergambar Prabowo Subianto di kampung-kampung hingga pelosok gang, demi supaya Prabowo Presiden 2024.   https://t.co/8ipvFu2mF8",
rakyatinfo7,‚ÄúBerdasarkan hasil survei LSN ternyata Provinsi Jawa Barat alias Tatar Sunda masih menjadi lumbung suara utama Prabowo Subianto sebagaimana pada Pilpres 2014 dan 2019,
rakyatinfo7,"Hasilnya, menunjukkan hegemoni Prabowo Subianto di provinsi Jawa Barat tidak tergoyahkan dan ia tetap unggul dibandingkan Ganjar Pranowo atau Anies Baswedan.",
fazcryp,"LSN: Bukan Cuma Jabar, Suara Pak Bowo Juga Menguat di Jatim  https://t.co/2k5RHkYbzq @Gerindra @prabowo @Fraksi_Gerindra  #Pilpres2024",
Grobog1Gerindra,Dewan Pimpinan Cabang Partai Gerindra Kabupaten Grobogan PEDULI BANJIR !!!   #mendingprabowo #prabowosubianto #prabowo #gerindra #gerindrajateng #gerindrajawatengah #dpcgerindragrobogan #gerindragrobogan #banjirgrobogan  https://t.co/nN9fP3mwqP,
gerindra_pati,Gerindra memasang target jadi pemenang Pemilu 2024. Sekjen Gerindra Ahmad Muzani memerintahkan kader Gerindra memasang spanduk Gerindra dan Ketum Prabowo Subianto.  #MendingPrabowo #PrabowoSubianto #Prabowo #gerindraJateng #gerindraJawaTengah #GerindraPati  https://t.co/Qag9BkKkY6,
Projo_Pusat,"Nama @GeneralMoeldoko Muncul di Musra Projo XIII, @ganjarpranowo dan @prabowo Menyusul di Bawahnya   https://t.co/l9K3sEJXtF  #projo #jokowi",
Taniaanandaa,Das'ad Latif memberikan pesan secara khusus agar bantuan Menhan Prabowo Subianto berupa mobil operasional dapat dimanfaatkan dengan baik.  @prabowo  #dekade08  #mendingprabowo  #pilpres2024  #terusmajubersamaprabowo,
CalistaKaisa,Das'ad Latif memberikan pesan secara khusus agar bantuan Menhan Prabowo Subianto berupa mobil operasional dapat dimanfaatkan dengan baik.  @prabowo  #dekade08  #mendingprabowo  #pilpres2024  #terusmajubersamaprabowo,
Taniaanandaa,"Pihaknya mengaku, juga bersama para pengurus BKPRMI lainnya, melihat sosok Prabowo sebagai sosok yang paling banyak manfaatnya bagi orang lain.  @prabowo  #dekade08  #mendingprabowo  #pilpres2024  #terusmajubersamaprabowo",
Taniaanandaa,"""Tapi alhamdulillah Prabowo bukan memberikan kepada partai, tapi memberikan kepada remaja masjid,‚Äù kata Ustad Das'ad Latif.  @prabowo  #dekade08  #mendingprabowo  #pilpres2024  #terusmajubersamaprabowo",
CalistaKaisa,"""Tapi alhamdulillah Prabowo bukan memberikan kepada partai, tapi memberikan kepada remaja masjid,‚Äù kata Ustad Das'ad Latif.  @prabowo  #dekade08  #mendingprabowo  #pilpres2024  #terusmajubersamaprabowo",
Taniaanandaa,"‚ÄúAlhamdulillah pak Prabowo buktikan hari ini, biasanya yang mau dikasih mobil itu apa pak, partai politik karena ada maunya, tapi ini engga,"" kata Ustad Das'ad Latif.  @prabowo  #dekade08  #mendingprabowo  #pilpres2024  #terusmajubersamaprabowo",
CalistaKaisa,"‚ÄúAlhamdulillah pak Prabowo buktikan hari ini, biasanya yang mau dikasih mobil itu apa pak, partai politik karena ada maunya, tapi ini engga,"" kata Ustad Das'ad Latif.  @prabowo  #dekade08  #mendingprabowo  #pilpres2024  #terusmajubersamaprabowo",
Taniaanandaa,"Diketahui, Prabowo Subianto memberikan bantuan sejumlah mobil operasional untuk BKPRMI beberapa waktu lalu.  @prabowo  #dekade08  #mendingprabowo  #pilpres2024  #terusmajubersamaprabowo",
CalistaKaisa,"Diketahui, Prabowo Subianto memberikan bantuan sejumlah mobil operasional untuk BKPRMI beberapa waktu lalu.  @prabowo  #dekade08  #mendingprabowo  #pilpres2024  #terusmajubersamaprabowo",
Taniaanandaa,"Ustaz Das'ad Latif memuji kedermawanan Prabowo Subianto, kendati jarang diekspos.  @prabowo  #dekade08  #mendingprabowo  #pilpres2024  #terusmajubersamaprabowo",
CalistaKaisa,"Ustaz Das'ad Latif memuji kedermawanan Prabowo Subianto, kendati jarang diekspos.  @prabowo  #dekade08  #mendingprabowo  #pilpres2024  #terusmajubersamaprabowo",
CalistaKaisa,"Pihaknya mengaku, juga bersama para pengurus BKPRMI lainnya, melihat sosok Prabowo sebagai sosok yang paling banyak manfaatnya bagi orang lain.  @prabowo  #dekade08  #mendingprabowo  #pilpres2024  #terusmajubersamaprabowo",
Taniaanandaa,"""Sosok Pak Prabowo Subianto, sangat perhatian terhadap perjuangan dakwah dengan banyak memberikan bantuan,"" ucap Ustad Das'ad Latif.  @prabowo  #dekade08  #mendingprabowo  #pilpres2024  #terusmajubersamaprabowo",
CalistaKaisa,"""Sosok Pak Prabowo Subianto, sangat perhatian terhadap perjuangan dakwah dengan banyak memberikan bantuan,"" ucap Ustad Das'ad Latif.  @prabowo  #dekade08  #mendingprabowo  #pilpres2024  #terusmajubersamaprabowo",
Taniaanandaa,"Menurut Ustad Das'ad Latif, Prabowo adalah tokoh negarawan yang peduli dengan Umat Islam.  @prabowo  #dekade08  #mendingprabowo  #pilpres2024  #terusmajubersamaprabowo",
Taniaanandaa,"Ustad Das'ad Latif memberikan penilaian kepada sosok Menteri Pertahanan RI, Prabowo Subianto Djojohadikusumo (PSD).  @prabowo  #dekade08  #mendingprabowo  #pilpres2024  #terusmajubersamaprabowo",
CalistaKaisa,"Menurut Ustad Das'ad Latif, Prabowo adalah tokoh negarawan yang peduli dengan Umat Islam.  @prabowo  #dekade08  #mendingprabowo  #pilpres2024  #terusmajubersamaprabowo",
CalistaKaisa,"Ustad Das'ad Latif memberikan penilaian kepada sosok Menteri Pertahanan RI, Prabowo Subianto Djojohadikusumo (PSD).  @prabowo  #dekade08  #mendingprabowo  #pilpres2024  #terusmajubersamaprabowo",
Taniaanandaa,Da'i Kondang Ustad Das'ad Latif Sebut Prabowo Sosok yang Ikhlas Peduli Umat.  @prabowo  #dekade08  #mendingprabowo  #pilpres2024  #terusmajubersamaprabowo,
CalistaKaisa,Da'i Kondang Ustad Das'ad Latif Sebut Prabowo Sosok yang Ikhlas Peduli Umat.  @prabowo  #dekade08  #mendingprabowo  #pilpres2024  #terusmajubersamaprabowo,
Taniaanandaa,"""Mudah-mudahan kedepannya Indonesia dan Kazakstan dapat mengembangkan produksi bersama,‚Äù kata Prabowo.  @prabowo  #dekade08  #mendingprabowo  #pilpres2024  #terusmajubersamaprabowo",
Taniaanandaa,"‚ÄúDalam bidang industri pertahanan, Indonesia berharap dapat menjalin kerja sama melalui mekanisme alih teknologi,"" kata Prabowo.  @prabowo  #dekade08  #mendingprabowo  #pilpres2024  #terusmajubersamaprabowo",
CalistaKaisa,"""Mudah-mudahan kedepannya Indonesia dan Kazakstan dapat mengembangkan produksi bersama,‚Äù kata Prabowo.  @prabowo  #dekade08  #mendingprabowo  #pilpres2024  #terusmajubersamaprabowo",
CalistaKaisa,"‚ÄúDalam bidang industri pertahanan, Indonesia berharap dapat menjalin kerja sama melalui mekanisme alih teknologi,"" kata Prabowo.  @prabowo  #dekade08  #mendingprabowo  #pilpres2024  #terusmajubersamaprabowo",
Taniaanandaa,"Prabowo berharap dapat menjajaki berbagai potensi kerjasama seperti pengembangan pendidikan militer, pengembangan teknologi pertahanan, dan peluang lain yang dapat dijajaki bersama.  @prabowo  #dekade08  #mendingprabowo  #pilpres2024  #terusmajubersamaprabowo",
CalistaKaisa,"Prabowo berharap dapat menjajaki berbagai potensi kerjasama seperti pengembangan pendidikan militer, pengembangan teknologi pertahanan, dan peluang lain yang dapat dijajaki bersama.  @prabowo  #dekade08  #mendingprabowo  #pilpres2024  #terusmajubersamaprabowo",
Taniaanandaa,Prabowo menyampaikan terima kasih kepada Duta Besar Kazakhtan H.E. Daniyar Sarakenov yang telah berperan penting dan aktif dalam mensukseskan hubungan bilateral kedua negara.  @prabowo  #dekade08  #mendingprabowo  #pilpres2024  #terusmajubersamaprabowo,
CalistaKaisa,Prabowo menyampaikan terima kasih kepada Duta Besar Kazakhtan H.E. Daniyar Sarakenov yang telah berperan penting dan aktif dalam mensukseskan hubungan bilateral kedua negara.  @prabowo  #dekade08  #mendingprabowo  #pilpres2024  #terusmajubersamaprabowo,
Taniaanandaa,"Menhan Prabowo Subianto menjelaskan, dalam membangun kerja sama pertahanan, Indonesia berpedoman pada tiga pilar kebijakan.  @prabowo  #dekade08  #mendingprabowo  #pilpres2024  #terusmajubersamaprabowo",
CalistaKaisa,"Menhan Prabowo Subianto menjelaskan, dalam membangun kerja sama pertahanan, Indonesia berpedoman pada tiga pilar kebijakan.  @prabowo  #dekade08  #mendingprabowo  #pilpres2024  #terusmajubersamaprabowo",
Taniaanandaa,Dalam pertemuan ini dibahas upaya membangun kerja sama pertahanan kedua negara.  @prabowo  #dekade08  #mendingprabowo  #pilpres2024  #terusmajubersamaprabowo,
CalistaKaisa,Dalam pertemuan ini dibahas upaya membangun kerja sama pertahanan kedua negara.  @prabowo  #dekade08  #mendingprabowo  #pilpres2024  #terusmajubersamaprabowo,
Taniaanandaa,"Menteri Pertahanan Republik Indonesia (Menhan RI) Prabowo Subianto menerima kunjungan Duta Besar Kazakhstan H.E. Mr Daniyar Sarakenov di Kemhan, Jakarta.  @prabowo  #dekade08  #mendingprabowo  #pilpres2024  #terusmajubersamaprabowo",
CalistaKaisa,"Menteri Pertahanan Republik Indonesia (Menhan RI) Prabowo Subianto menerima kunjungan Duta Besar Kazakhstan H.E. Mr Daniyar Sarakenov di Kemhan, Jakarta.  @prabowo  #dekade08  #mendingprabowo  #pilpres2024  #terusmajubersamaprabowo",
CalistaKaisa,Prabowo pun meminta kader yang ingin keluar dari Gerindra pergi dengan cara baik-baik.  @prabowo  #dekade08  #mendingprabowo  #pilpres2024  #terusmajubersamaprabowo,
Taniaanandaa,Menhan Prabowo Subianto Terima Kunjungan Dubes Kazakhstan H.E. Mr Daniyar Sarakenov.  @prabowo  #dekade08  #mendingprabowo  #pilpres2024  #terusmajubersamaprabowo,
CalistaKaisa,Menhan Prabowo Subianto Terima Kunjungan Dubes Kazakhstan H.E. Mr Daniyar Sarakenov.  @prabowo  #dekade08  #mendingprabowo  #pilpres2024  #terusmajubersamaprabowo,
Taniaanandaa,Prabowo pun meminta kader yang ingin keluar dari Gerindra pergi dengan cara baik-baik.  @prabowo  #dekade08  #mendingprabowo  #pilpres2024  #terusmajubersamaprabowo,
Taniaanandaa,"Bahkan, Prabowo tak akan gentar dan berhenti berjuang untuk bangsa dan negara.  @prabowo  #dekade08  #mendingprabowo  #pilpres2024  #terusmajubersamaprabowo",
CalistaKaisa,"Bahkan, Prabowo tak akan gentar dan berhenti berjuang untuk bangsa dan negara.  @prabowo  #dekade08  #mendingprabowo  #pilpres2024  #terusmajubersamaprabowo",
Taniaanandaa,Prabowo mengaku siap apabila ditinggalkan para kader Gerindra.  @prabowo  #dekade08  #mendingprabowo  #pilpres2024  #terusmajubersamaprabowo,
CalistaKaisa,Prabowo mengaku siap apabila ditinggalkan para kader Gerindra.  @prabowo  #dekade08  #mendingprabowo  #pilpres2024  #terusmajubersamaprabowo,
Taniaanandaa,Prabowo menilai ada beberapa kader Gerindra yang keluar dari jalur sehingga salah jalan.  @prabowo  #dekade08  #mendingprabowo  #pilpres2024  #terusmajubersamaprabowo,
CalistaKaisa,Prabowo menilai ada beberapa kader Gerindra yang keluar dari jalur sehingga salah jalan.  @prabowo  #dekade08  #mendingprabowo  #pilpres2024  #terusmajubersamaprabowo,
Taniaanandaa,Ketua Umum Gerindra Prabowo Subianto sempat menyinggung ada kader partainya yang berkeinginan untuk bergabung dengan parpol lain.  @prabowo  #dekade08  #mendingprabowo  #pilpres2024  #terusmajubersamaprabowo,
CalistaKaisa,Ketua Umum Gerindra Prabowo Subianto sempat menyinggung ada kader partainya yang berkeinginan untuk bergabung dengan parpol lain.  @prabowo  #dekade08  #mendingprabowo  #pilpres2024  #terusmajubersamaprabowo,
Taniaanandaa,"""Ya saya kan menyampaikan apa yang disampaikan yang bersangkutan kepada Pak Prabowo. Bahwa kalau itu kemudian menjamin bahwa dia akan tetap, saya tidak bisa jamin,"" kata Dasco.  @prabowo  #dekade08  #mendingprabowo  #pilpres2024  #terusmajubersamaprabowo",
CalistaKaisa,"""Ya saya kan menyampaikan apa yang disampaikan yang bersangkutan kepada Pak Prabowo. Bahwa kalau itu kemudian menjamin bahwa dia akan tetap, saya tidak bisa jamin,"" kata Dasco.  @prabowo  #dekade08  #mendingprabowo  #pilpres2024  #terusmajubersamaprabowo",
Taniaanandaa,"""Yang bersangkutan itu kemudian menyatakan bahwa masih tunduk terhadap garis partai dan loyal kepada Pak Prabowo, serta mendukung pencalonan Pak Prabowo sebagai presiden,"" kata Dasco.  @prabowo  #dekade08  #mendingprabowo  #pilpres2024  #terusmajubersamaprabowo",
CalistaKaisa,"""Yang bersangkutan itu kemudian menyatakan bahwa masih tunduk terhadap garis partai dan loyal kepada Pak Prabowo, serta mendukung pencalonan Pak Prabowo sebagai presiden,"" kata Dasco.  @prabowo  #dekade08  #mendingprabowo  #pilpres2024  #terusmajubersamaprabowo",
Taniaanandaa,Hal tersebut disampaikan Dasco terkait isi pertemuan antara Prabowo dan Sandiaga beberapa waktu lalu.  @prabowo  #dekade08  #mendingprabowo  #pilpres2024  #terusmajubersamaprabowo,
CalistaKaisa,Hal tersebut disampaikan Dasco terkait isi pertemuan antara Prabowo dan Sandiaga beberapa waktu lalu.  @prabowo  #dekade08  #mendingprabowo  #pilpres2024  #terusmajubersamaprabowo,
Taniaanandaa,Ketua Harian DPP Partai Gerindra Sufmi Dasco Ahmad mengatakan Sandiaga Uno masih tunduk dan loyal kepada Ketua Umum Prabowo Subianto.  @prabowo  #dekade08  #mendingprabowo  #pilpres2024  #terusmajubersamaprabowo,
CalistaKaisa,Ketua Harian DPP Partai Gerindra Sufmi Dasco Ahmad mengatakan Sandiaga Uno masih tunduk dan loyal kepada Ketua Umum Prabowo Subianto.  @prabowo  #dekade08  #mendingprabowo  #pilpres2024  #terusmajubersamaprabowo,
Taniaanandaa,Dasco: Sandiaga Bilang Masih Tunduk dan Loyal ke Prabowo.  @prabowo  #dekade08  #mendingprabowo  #pilpres2024  #terusmajubersamaprabowo,
CalistaKaisa,Dasco: Sandiaga Bilang Masih Tunduk dan Loyal ke Prabowo.  @prabowo  #dekade08  #mendingprabowo  #pilpres2024  #terusmajubersamaprabowo,
Taniaanandaa,"""Ini kok di Gerindra ada matahari kembar, Pak Prabowo atau Sandiaga."" kata Adi.  @prabowo  #dekade08  #mendingprabowo  #pilpres2024  #terusmajubersamaprabowo",
CalistaKaisa,"""Ini kok di Gerindra ada matahari kembar, Pak Prabowo atau Sandiaga."" kata Adi.  @prabowo  #dekade08  #mendingprabowo  #pilpres2024  #terusmajubersamaprabowo",
Taniaanandaa,"Apalagi mengingat, bahwa Partai Gerindra sudah melakukan deklarasi bersama PKB untuk berkoalisi maju Pilpres.  @prabowo  #dekade08  #mendingprabowo  #pilpres2024  #terusmajubersamaprabowo",
Taniaanandaa,"""Internal Gerindra itu solid dari pusat hingga daerah, dari pusat hingga RT-RW dan ranting itu tegak lurus pada Prabowo Subianto yang akan diusung maju Pilpres."" kata Adi.  @prabowo  #dekade08  #mendingprabowo  #pilpres2024  #terusmajubersamaprabowo",
CalistaKaisa,"""Internal Gerindra itu solid dari pusat hingga daerah, dari pusat hingga RT-RW dan ranting itu tegak lurus pada Prabowo Subianto yang akan diusung maju Pilpres."" kata Adi.  @prabowo  #dekade08  #mendingprabowo  #pilpres2024  #terusmajubersamaprabowo",
CalistaKaisa,"Apalagi mengingat, bahwa Partai Gerindra sudah melakukan deklarasi bersama PKB untuk berkoalisi maju Pilpres.  @prabowo  #dekade08  #mendingprabowo  #pilpres2024  #terusmajubersamaprabowo",
CalistaKaisa,Seluruh internal partai sudah satu suara mendukung Ketua Umum Partai Gerindra Prabowo Subianto.  @prabowo  #dekade08  #mendingprabowo  #pilpres2024  #terusmajubersamaprabowo,
Taniaanandaa,"""Kalau Pak Sandi ingin maju Pilpres tentu bukan Gerindra jawabannya. Karena Gerindra itu harga mati bagi Prabowo Subianto,"" kata Adi.  @prabowo  #dekade08  #mendingprabowo  #pilpres2024  #terusmajubersamaprabowo",
CalistaKaisa,"""Kalau Pak Sandi ingin maju Pilpres tentu bukan Gerindra jawabannya. Karena Gerindra itu harga mati bagi Prabowo Subianto,"" kata Adi.  @prabowo  #dekade08  #mendingprabowo  #pilpres2024  #terusmajubersamaprabowo",
Taniaanandaa,Seluruh internal partai sudah satu suara mendukung Ketua Umum Partai Gerindra Prabowo Subianto.  @prabowo  #dekade08  #mendingprabowo  #pilpres2024  #terusmajubersamaprabowo,
Hendrikorachman,Dokumen negara bukan hak eksekutif aja tapi hak dari @DPR_RI dan @DPDRI  jika terkait dg UUD 45 psl 33 atau terkait hukum +62 Cc @jokowi @mohmahfudmd @LaNyallaMM1 @puanmaharani_ri @AgusYudhoyono @cakimiNOW @prabowo @airlangga_hrt @Fahrihamzah @ZUL_Hasan @KPK_RI @bahlillahadalia,
Taniaanandaa,"""Kalau itu kemudian menjamin bahwa dia akan tetap, saya tidak bisa jamin. Tanya saja kepada Mas Sandi,"" kata Dasco.  @prabowo  #dekade08  #mendingprabowo  #pilpres2024  #terusmajubersamaprabowo",
AndikKuswanto11, https://t.co/VlTnC7E6pM @jokowi @prabowo,
CalistaKaisa,"""Kalau itu kemudian menjamin bahwa dia akan tetap, saya tidak bisa jamin. Tanya saja kepada Mas Sandi,"" kata Dasco.  @prabowo  #dekade08  #mendingprabowo  #pilpres2024  #terusmajubersamaprabowo",
Taniaanandaa,"""Serta mendukung pencalonan Pak Prabowo sebagai presiden,"" kata Dasco.  @prabowo  #dekade08  #mendingprabowo  #pilpres2024  #terusmajubersamaprabowo",
Taniaanandaa,"""Yang saya tahu bahwa yang bersangkutan itu menyatakan bahwa masih tunduk kepada garis partai dan loyal kepada Pak Prabowo,"" kata Dasco.  @prabowo  #dekade08  #mendingprabowo  #pilpres2024  #terusmajubersamaprabowo",
CalistaKaisa,"""Serta mendukung pencalonan Pak Prabowo sebagai presiden,"" kata Dasco.  @prabowo  #dekade08  #mendingprabowo  #pilpres2024  #terusmajubersamaprabowo",
CalistaKaisa,"""Yang saya tahu bahwa yang bersangkutan itu menyatakan bahwa masih tunduk kepada garis partai dan loyal kepada Pak Prabowo,"" kata Dasco.  @prabowo  #dekade08  #mendingprabowo  #pilpres2024  #terusmajubersamaprabowo",
Taniaanandaa,Ketua Harian DPP Partai Gerindra Sufmi Dasco Ahmad tak 100 persen percaya Sandiaga akan terus bertahan di Partai Gerindra.  @prabowo  #dekade08  #mendingprabowo  #pilpres2024  #terusmajubersamaprabowo,
CalistaKaisa,Ketua Harian DPP Partai Gerindra Sufmi Dasco Ahmad tak 100 persen percaya Sandiaga akan terus bertahan di Partai Gerindra.  @prabowo  #dekade08  #mendingprabowo  #pilpres2024  #terusmajubersamaprabowo,
CalistaKaisa,Dalam pertemuan tersebut Sandiaga Uno menyatakan setia dan mendukung Prabowo Subianto yang akan menjadi capres 2024 dari Partai Gerindra.  @prabowo  #dekade08  #mendingprabowo  #pilpres2024  #terusmajubersamaprabowo,
Taniaanandaa,Pernyataan Sandiaga ini tidak sepenuhnya dipercaya oleh petinggi Partai Gerindra.  @prabowo  #dekade08  #mendingprabowo  #pilpres2024  #terusmajubersamaprabowo,
CalistaKaisa,Pernyataan Sandiaga ini tidak sepenuhnya dipercaya oleh petinggi Partai Gerindra.  @prabowo  #dekade08  #mendingprabowo  #pilpres2024  #terusmajubersamaprabowo,
Taniaanandaa,Dalam pertemuan tersebut Sandiaga Uno menyatakan setia dan mendukung Prabowo Subianto yang akan menjadi capres 2024 dari Partai Gerindra.  @prabowo  #dekade08  #mendingprabowo  #pilpres2024  #terusmajubersamaprabowo,
Taniaanandaa,Sandiaga Uno sendiri sempat bertemu langsung dengan Prabowo.  @prabowo  #dekade08  #mendingprabowo  #pilpres2024  #terusmajubersamaprabowo,
CalistaKaisa,Sandiaga Uno sendiri sempat bertemu langsung dengan Prabowo.  @prabowo  #dekade08  #mendingprabowo  #pilpres2024  #terusmajubersamaprabowo,
Taniaanandaa,"Diterpa isu pindah ke Partai Persatuan Pembangunan (PPP), hubungan Menparekraf Sandiaga Salahuddin Uno dengan Ketua Umum Partai Gerindra Prabowo Subianto kini menjadi sorotan.  @prabowo  #dekade08  #mendingprabowo  #pilpres2024  #terusmajubersamaprabowo",
CalistaKaisa,"Diterpa isu pindah ke Partai Persatuan Pembangunan (PPP), hubungan Menparekraf Sandiaga Salahuddin Uno dengan Ketua Umum Partai Gerindra Prabowo Subianto kini menjadi sorotan.  @prabowo  #dekade08  #mendingprabowo  #pilpres2024  #terusmajubersamaprabowo",
Taniaanandaa,"Terkait Pilpres 2024, Kesetiaan Sandiaga Uno ke Prabowo Diragukan Petinggi Gerindra.  @prabowo  #dekade08  #mendingprabowo  #pilpres2024  #terusmajubersamaprabowo",
CalistaKaisa,"Terkait Pilpres 2024, Kesetiaan Sandiaga Uno ke Prabowo Diragukan Petinggi Gerindra.  @prabowo  #dekade08  #mendingprabowo  #pilpres2024  #terusmajubersamaprabowo",
Taniaanandaa,"Untuk keempat kalinya, Prabowo terpilih pada Musyawarah Nasional PB IPSI, 18 Desember 2021, di hotel Aston, Sentul, Bogor, Jabar.  @prabowo  #dekade08  #mendingprabowo  #pilpres2024  #terusmajubersamaprabowo",
CalistaKaisa,"Untuk keempat kalinya, Prabowo terpilih pada Musyawarah Nasional PB IPSI, 18 Desember 2021, di hotel Aston, Sentul, Bogor, Jabar.  @prabowo  #dekade08  #mendingprabowo  #pilpres2024  #terusmajubersamaprabowo",
Taniaanandaa,Prabowo terus memimpin organisasi pencak silat nasional hingga saat ini.  @prabowo  #dekade08  #mendingprabowo  #pilpres2024  #terusmajubersamaprabowo,
CalistaKaisa,Prabowo terus memimpin organisasi pencak silat nasional hingga saat ini.  @prabowo  #dekade08  #mendingprabowo  #pilpres2024  #terusmajubersamaprabowo,
Taniaanandaa,Prabowo Subianto terpilih menjadi Ketua Umum Pengurus Besar Ikatan Pencak Silat Indonesia (PB IPSI) pertama kali pada 2004.  @prabowo  #dekade08  #mendingprabowo  #pilpres2024  #terusmajubersamaprabowo,
CalistaKaisa,Prabowo Subianto terpilih menjadi Ketua Umum Pengurus Besar Ikatan Pencak Silat Indonesia (PB IPSI) pertama kali pada 2004.  @prabowo  #dekade08  #mendingprabowo  #pilpres2024  #terusmajubersamaprabowo,
Taniaanandaa,Prabowo mengajak seniornya mengembangkan Silat Baringin Sakti yang sebelumnya beraliran silat Minangkabau menjadi bentuk organisasi pencak silat yang beraliran nasional.  @prabowo  #dekade08  #mendingprabowo  #pilpres2024  #terusmajubersamaprabowo,
CalistaKaisa,Prabowo mengajak seniornya mengembangkan Silat Baringin Sakti yang sebelumnya beraliran silat Minangkabau menjadi bentuk organisasi pencak silat yang beraliran nasional.  @prabowo  #dekade08  #mendingprabowo  #pilpres2024  #terusmajubersamaprabowo,
Taniaanandaa,Prabowo adalah pendiri Perguruan Pencak Silat Satria Muda Indonesia.  @prabowo  #dekade08  #mendingprabowo  #pilpres2024  #terusmajubersamaprabowo,
CalistaKaisa,Prabowo adalah pendiri Perguruan Pencak Silat Satria Muda Indonesia.  @prabowo  #dekade08  #mendingprabowo  #pilpres2024  #terusmajubersamaprabowo,
CalistaKaisa,"Apakah Sandi dipastikan tetap di Gerindra, menurut Dasco, dirinya hanya menyampaikan apa yang telah disampaikan Sandi kepada Prabowo di pertemuan itu.  @prabowo  #dekade08  #mendingprabowo  #pilpres2024  #terusmajubersamaprabowo",
Taniaanandaa,6 Jenderal TNI yang Juga Jago Pencak Silat Termasuk Prabowo.  @prabowo  #dekade08  #mendingprabowo  #pilpres2024  #terusmajubersamaprabowo,
CalistaKaisa,6 Jenderal TNI yang Juga Jago Pencak Silat Termasuk Prabowo.  @prabowo  #dekade08  #mendingprabowo  #pilpres2024  #terusmajubersamaprabowo,
Taniaanandaa,"Apakah Sandi dipastikan tetap di Gerindra, menurut Dasco, dirinya hanya menyampaikan apa yang telah disampaikan Sandi kepada Prabowo di pertemuan itu.  @prabowo  #dekade08  #mendingprabowo  #pilpres2024  #terusmajubersamaprabowo",
Taniaanandaa,"""Yang bersangkutan (Sandi) menyatakan bahwa masih tunduk kepada garis partai dan loyal kepada Pak Prabowo serta mendukung pencalonan Pak Prabowo sebagai presiden,"" kata Dasco.  @prabowo  #dekade08  #mendingprabowo  #pilpres2024  #terusmajubersamaprabowo",
CalistaKaisa,"""Yang bersangkutan (Sandi) menyatakan bahwa masih tunduk kepada garis partai dan loyal kepada Pak Prabowo serta mendukung pencalonan Pak Prabowo sebagai presiden,"" kata Dasco.  @prabowo  #dekade08  #mendingprabowo  #pilpres2024  #terusmajubersamaprabowo",
Taniaanandaa,"""Ya jadi kemarin memang Pak Sandi sudah minta waktu dan sudah diberi waktu dan sudah ketemu sama Pak Prabowo,"" kata Dasco.  @prabowo  #dekade08  #mendingprabowo  #pilpres2024  #terusmajubersamaprabowo",
CalistaKaisa,"""Ya jadi kemarin memang Pak Sandi sudah minta waktu dan sudah diberi waktu dan sudah ketemu sama Pak Prabowo,"" kata Dasco.  @prabowo  #dekade08  #mendingprabowo  #pilpres2024  #terusmajubersamaprabowo",
Taniaanandaa,Sandi menegaskan loyalitasnya pada Gerindra dan mendukung pencalonan Prabowo di Pemilu Presiden (Pilpres) 2024.  @prabowo  #dekade08  #mendingprabowo  #pilpres2024  #terusmajubersamaprabowo,
CalistaKaisa,Sandi menegaskan loyalitasnya pada Gerindra dan mendukung pencalonan Prabowo di Pemilu Presiden (Pilpres) 2024.  @prabowo  #dekade08  #mendingprabowo  #pilpres2024  #terusmajubersamaprabowo,
Taniaanandaa,"Temui Prabowo, Sandiaga Tegaskan Loyalitasnya pada Gerindra.  @prabowo  #dekade08  #mendingprabowo  #pilpres2024  #terusmajubersamaprabowo",
CalistaKaisa,"Temui Prabowo, Sandiaga Tegaskan Loyalitasnya pada Gerindra.  @prabowo  #dekade08  #mendingprabowo  #pilpres2024  #terusmajubersamaprabowo",
Taniaanandaa,Nama Prabowo masih teratas jelang Musra 13.  @prabowo  #dekade08  #mendingprabowo  #pilpres2024  #terusmajubersamaprabowo,
CalistaKaisa,Nama Prabowo masih teratas jelang Musra 13.  @prabowo  #dekade08  #mendingprabowo  #pilpres2024  #terusmajubersamaprabowo,
Taniaanandaa,"""(Pertemuan Prabowo dan Sandi) di Kertanegara, Selasa malam,"" kata Dahnil.  @prabowo  #dekade08  #mendingprabowo  #pilpres2024  #terusmajubersamaprabowo",
CalistaKaisa,"""(Pertemuan Prabowo dan Sandi) di Kertanegara, Selasa malam,"" kata Dahnil.  @prabowo  #dekade08  #mendingprabowo  #pilpres2024  #terusmajubersamaprabowo",
Taniaanandaa,Kehadiran Sandiaga saat itu adalah untuk menemui Prabowo serta memberikan buku berjudul 1500 Inspirasi: Jelajah Perjalanan Sandiaga Uno.  @prabowo  #dekade08  #mendingprabowo  #pilpres2024  #terusmajubersamaprabowo,
CalistaKaisa,Kehadiran Sandiaga saat itu adalah untuk menemui Prabowo serta memberikan buku berjudul 1500 Inspirasi: Jelajah Perjalanan Sandiaga Uno.  @prabowo  #dekade08  #mendingprabowo  #pilpres2024  #terusmajubersamaprabowo,
Taniaanandaa,"Juru Bicara Prabowo Subianto, Dahnil Anzar Simanjuntak mengonfirmasi kedatangan Wakil Ketua Dewan Pembina Partai Gerindra Sandiaga Uno ke kediaman Prabowo.  @prabowo  #dekade08  #mendingprabowo  #pilpres2024  #terusmajubersamaprabowo",
CalistaKaisa,"Juru Bicara Prabowo Subianto, Dahnil Anzar Simanjuntak mengonfirmasi kedatangan Wakil Ketua Dewan Pembina Partai Gerindra Sandiaga Uno ke kediaman Prabowo.  @prabowo  #dekade08  #mendingprabowo  #pilpres2024  #terusmajubersamaprabowo",
Taniaanandaa,"""Dan sudah diberi waktu dan sudah ketemu sama Pak Prabowo,"" imbuh Dasco.  @prabowo  #dekade08  #mendingprabowo  #pilpres2024  #terusmajubersamaprabowo",
CalistaKaisa,"""Dan sudah diberi waktu dan sudah ketemu sama Pak Prabowo,"" imbuh Dasco.  @prabowo  #dekade08  #mendingprabowo  #pilpres2024  #terusmajubersamaprabowo",
Taniaanandaa,"""Saya kan menyampaikan apa yang disampaikan bersangkutan kepada Pak Prabowo,"" kata Dasco.  @prabowo  #dekade08  #mendingprabowo  #pilpres2024  #terusmajubersamaprabowo",
Taniaanandaa,"""Yang bersangkutan itu menyatakan bahwa masih tunduk kepada garis partai dan loyal kepada Pak Prabowo serta mendukung pencalonan Pak Prabowo sebagai presiden,"" kata Dasco.  @prabowo  #dekade08  #mendingprabowo  #pilpres2024  #terusmajubersamaprabowo",
CalistaKaisa,"""Saya kan menyampaikan apa yang disampaikan bersangkutan kepada Pak Prabowo,"" kata Dasco.  @prabowo  #dekade08  #mendingprabowo  #pilpres2024  #terusmajubersamaprabowo",
CalistaKaisa,"""Yang bersangkutan itu menyatakan bahwa masih tunduk kepada garis partai dan loyal kepada Pak Prabowo serta mendukung pencalonan Pak Prabowo sebagai presiden,"" kata Dasco.  @prabowo  #dekade08  #mendingprabowo  #pilpres2024  #terusmajubersamaprabowo",
Taniaanandaa,"Dalam pertemuan itu, Dasco mengklaim, Sandiaga menyatakan diri loyal kepada Gerindra dan Prabowo.  @prabowo  #dekade08  #mendingprabowo  #pilpres2024  #terusmajubersamaprabowo",
CalistaKaisa,"Dalam pertemuan itu, Dasco mengklaim, Sandiaga menyatakan diri loyal kepada Gerindra dan Prabowo.  @prabowo  #dekade08  #mendingprabowo  #pilpres2024  #terusmajubersamaprabowo",
Taniaanandaa,Ketua Harian Partai Gerindra Sufmi Dasco Ahmad mengungkapkan isi pertemuan antara Ketua Umum Gerindra Prabowo Subianto dan Wakil Ketua Dewan Pembina Partai Gerindra Sandiaga Uno.  @prabowo  #dekade08  #mendingprabowo  #pilpres2024  #terusmajubersamaprabowo,
jpnncom,"#BeritaJatim Musra XII Jatim, Sukarelawan Pekikkan Nama Prabowo Presiden #musrajatim  #prabowosubianto  https://t.co/WX5Gg9vo0j",
CalistaKaisa,Ketua Harian Partai Gerindra Sufmi Dasco Ahmad mengungkapkan isi pertemuan antara Ketua Umum Gerindra Prabowo Subianto dan Wakil Ketua Dewan Pembina Partai Gerindra Sandiaga Uno.  @prabowo  #dekade08  #mendingprabowo  #pilpres2024  #terusmajubersamaprabowo,
Taniaanandaa,Gerindra Klaim Sandiaga Tetap Dukung Prabowo Jadi Capres.  @prabowo  #dekade08  #mendingprabowo  #pilpres2024  #terusmajubersamaprabowo,
CalistaKaisa,Gerindra Klaim Sandiaga Tetap Dukung Prabowo Jadi Capres.  @prabowo  #dekade08  #mendingprabowo  #pilpres2024  #terusmajubersamaprabowo,
Taniaanandaa,Koalisi ini belum mengumumkan sosok yang akan dipilih sebagai cawapres pendamping Prabowo.  @prabowo  #dekade08  #mendingprabowo  #pilpres2024  #terusmajubersamaprabowo,
CalistaKaisa,Koalisi ini belum mengumumkan sosok yang akan dipilih sebagai cawapres pendamping Prabowo.  @prabowo  #dekade08  #mendingprabowo  #pilpres2024  #terusmajubersamaprabowo,
Taniaanandaa,"Sebagai informasi, sejauh ini Gerindra sudah mendeklarasikan Prabowo Subianto sebagai capres 2024.  @prabowo  #dekade08  #mendingprabowo  #pilpres2024  #terusmajubersamaprabowo",
CalistaKaisa,"Sebagai informasi, sejauh ini Gerindra sudah mendeklarasikan Prabowo Subianto sebagai capres 2024.  @prabowo  #dekade08  #mendingprabowo  #pilpres2024  #terusmajubersamaprabowo",
Taniaanandaa,Efriza pun menyebut Prabowo Subianto kini tengah mengintai sambil berharap Koalisi Perubahan yang ingin mengusung Anies Baswedan jadi capres 2024 gagal dideklarasikan.  @prabowo  #dekade08  #mendingprabowo  #pilpres2024  #terusmajubersamaprabowo,
Taniaanandaa,"""Mereka lagi melihat-lihat peluang siapa yang bisa ditarik. Koalisi mana yang benar-benar bisa dirapuhkan. Target Gerindra mengharapkan kerapuhan koalisi Anies,"" kata Efriza.  @prabowo  #dekade08  #mendingprabowo  #pilpres2024  #terusmajubersamaprabowo",
Taniaanandaa,Efriza juga menilai koalisi Gerindra-PKB cukup solid dalam menyongsong Pilpres 2024 mendatang.  @prabowo  #dekade08  #mendingprabowo  #pilpres2024  #terusmajubersamaprabowo,
CalistaKaisa,"""Mereka lagi melihat-lihat peluang siapa yang bisa ditarik. Koalisi mana yang benar-benar bisa dirapuhkan. Target Gerindra mengharapkan kerapuhan koalisi Anies,"" kata Efriza.  @prabowo  #dekade08  #mendingprabowo  #pilpres2024  #terusmajubersamaprabowo",
CalistaKaisa,Efriza pun menyebut Prabowo Subianto kini tengah mengintai sambil berharap Koalisi Perubahan yang ingin mengusung Anies Baswedan jadi capres 2024 gagal dideklarasikan.  @prabowo  #dekade08  #mendingprabowo  #pilpres2024  #terusmajubersamaprabowo,
gardanasi0nal,Dalam upaya mempertahankan keamanan siber indonesia Pemerintah membentuk pasukan khusus (angkatan siber IV) dan akan membuka peluang untuk menjadi kebanggaan NKRI. siapa nih yang berminat ?  #infotech  @LemhannasRI @jokowi @prabowo @Kemendagri_RI  Alvin Kudela Super 1000 oma gill  https://t.co/Gp1K2R73fe,
Taniaanandaa,"Efriza pun menyebut, koalisi ini terkesan tanpa pergerakan lantaran masih mengamati partai politik mana yang bisa ditarik untuk bergabung bersama mereka.  @prabowo  #dekade08  #mendingprabowo  #pilpres2024  #terusmajubersamaprabowo",
Hendrikorachman,"Klausal kontrak investasi baik SDM/SDA hrs dibahas di @DPR_RI bu @puanmaharani_ri,apakah sdh sesuai dg UU +62 yg selama ini tdk tersentuh utk publik Cc @jokowi @mohmahfudmd @RamliRizal @bahlillahadalia @Kemhan_RI @prabowo @ListyoSigitP @DivHumas_Polri @ganjarpranowo @LaNyallaMM1",
CalistaKaisa,Efriza juga menilai koalisi Gerindra-PKB cukup solid dalam menyongsong Pilpres 2024 mendatang.  @prabowo  #dekade08  #mendingprabowo  #pilpres2024  #terusmajubersamaprabowo,
CalistaKaisa,"Efriza pun menyebut, koalisi ini terkesan tanpa pergerakan lantaran masih mengamati partai politik mana yang bisa ditarik untuk bergabung bersama mereka.  @prabowo  #dekade08  #mendingprabowo  #pilpres2024  #terusmajubersamaprabowo",
Taniaanandaa,"""Kalau Gerindra dengan PKB saya rasa enggak bubar. PKB tetap solid dengan Gerindra,"" ucap Efriza.  @prabowo  #dekade08  #mendingprabowo  #pilpres2024  #terusmajubersamaprabowo",
CalistaKaisa,"""Kalau Gerindra dengan PKB saya rasa enggak bubar. PKB tetap solid dengan Gerindra,"" ucap Efriza.  @prabowo  #dekade08  #mendingprabowo  #pilpres2024  #terusmajubersamaprabowo",
Taniaanandaa,"Pengamat Sebut Prabowo Sedang Mengintai, Menanti Koalisi Pengusung Anies Baswedan Bubar.  @prabowo  #dekade08  #mendingprabowo  #pilpres2024  #terusmajubersamaprabowo",
CalistaKaisa,"Pengamat Sebut Prabowo Sedang Mengintai, Menanti Koalisi Pengusung Anies Baswedan Bubar.  @prabowo  #dekade08  #mendingprabowo  #pilpres2024  #terusmajubersamaprabowo",
Taniaanandaa,"""Ya saya kan menyampaikan apa yang disampaikan bersangkutan kepada Pak Prabowo,"" kata Dasco.  @prabowo  #dekade08  #mendingprabowo  #pilpres2024  #terusmajubersamaprabowo",
CalistaKaisa,"""Ya saya kan menyampaikan apa yang disampaikan bersangkutan kepada Pak Prabowo,"" kata Dasco.  @prabowo  #dekade08  #mendingprabowo  #pilpres2024  #terusmajubersamaprabowo",
Taniaanandaa,"Menurut Dasco, dirinya hanya menyampaikan apa yang telah disampaikan Sandiaga kepada Prabowo di pertemuan itu.  @prabowo  #dekade08  #mendingprabowo  #pilpres2024  #terusmajubersamaprabowo",
CalistaKaisa,"Menurut Dasco, dirinya hanya menyampaikan apa yang telah disampaikan Sandiaga kepada Prabowo di pertemuan itu.  @prabowo  #dekade08  #mendingprabowo  #pilpres2024  #terusmajubersamaprabowo",
Hendrikorachman,@DivHumas_Polri pk @ListyoSigitP &amp; pk @bahlillahadalia cek TKA china apakah mereka pekerja kasar/ bukan. Org punya keahlian tdk mungkin anarkis dlm bekerja kecuali pekerja kasar/oknum militer Cc @jokowi @mohmahfudmd @puanmaharani_ri @RamliRizal @airlangga_hrt @Kemhan_RI @prabowo,
Taniaanandaa,"""Yang bersangkutan menyatakan masih tunduk kepada garis partai dan loyal kepada Pak Prabowo serta mendukung pencalonan Pak Prabowo sebagai presiden,"" kata Dasco.  @prabowo  #dekade08  #mendingprabowo  #pilpres2024  #terusmajubersamaprabowo",
CalistaKaisa,"""Yang bersangkutan menyatakan masih tunduk kepada garis partai dan loyal kepada Pak Prabowo serta mendukung pencalonan Pak Prabowo sebagai presiden,"" kata Dasco.  @prabowo  #dekade08  #mendingprabowo  #pilpres2024  #terusmajubersamaprabowo",
Taniaanandaa,"Dalam pertemuan tersebut, Sandiaga menegaskan loyalitasnya pada Gerindra dan mendukung pencalonan Prabowo di Pemilu Presiden (Pilpres) 2024.  @prabowo  #dekade08  #mendingprabowo  #pilpres2024  #terusmajubersamaprabowo",
Taniaanandaa,"""Jadi kemarin memang Pak Sandi sudah minta waktu dan sudah diberi waktu dan sudah ketemu sama Pak Prabowo,"" kata Dasco.  @prabowo  #dekade08  #mendingprabowo  #pilpres2024  #terusmajubersamaprabowo",
CalistaKaisa,"""Jadi kemarin memang Pak Sandi sudah minta waktu dan sudah diberi waktu dan sudah ketemu sama Pak Prabowo,"" kata Dasco.  @prabowo  #dekade08  #mendingprabowo  #pilpres2024  #terusmajubersamaprabowo",
CalistaKaisa,"Dalam pertemuan tersebut, Sandiaga menegaskan loyalitasnya pada Gerindra dan mendukung pencalonan Prabowo di Pemilu Presiden (Pilpres) 2024.  @prabowo  #dekade08  #mendingprabowo  #pilpres2024  #terusmajubersamaprabowo",
Taniaanandaa,"Wakil Ketua Dewan Pembina Partai Gerindra Sandiaga Uno menemui Ketua Umumnya (Ketum) Prabowo Subianto, beberapa waktu lalu.  @prabowo  #dekade08  #mendingprabowo  #pilpres2024  #terusmajubersamaprabowo",
CalistaKaisa,"Wakil Ketua Dewan Pembina Partai Gerindra Sandiaga Uno menemui Ketua Umumnya (Ketum) Prabowo Subianto, beberapa waktu lalu.  @prabowo  #dekade08  #mendingprabowo  #pilpres2024  #terusmajubersamaprabowo",
Taniaanandaa,"Sandiaga Bertemu Prabowo, Tegaskan Loyalitasnya pada Gerindra.  @prabowo  #dekade08  #mendingprabowo  #pilpres2024  #terusmajubersamaprabowo",
CalistaKaisa,"Sandiaga Bertemu Prabowo, Tegaskan Loyalitasnya pada Gerindra.  @prabowo  #dekade08  #mendingprabowo  #pilpres2024  #terusmajubersamaprabowo",
Taniaanandaa,"""Setahu saya sudah ketemu. Ya pokoknya keduanya saling bertabayun, mengonfirmasi, menjelaskan dan insya Allah semuanya baik baik saja,"" tutur Muzani.  @prabowo  #dekade08  #mendingprabowo  #pilpres2024  #terusmajubersamaprabowo",
Taniaanandaa,"Menurut Muzani, Sandiaga temui Prabowo untuk klarifikasi isu dirinya akan bergabung dengan PPP.  @prabowo  #dekade08  #mendingprabowo  #pilpres2024  #terusmajubersamaprabowo",
CalistaKaisa,"""Setahu saya sudah ketemu. Ya pokoknya keduanya saling bertabayun, mengonfirmasi, menjelaskan dan insya Allah semuanya baik baik saja,"" tutur Muzani.  @prabowo  #dekade08  #mendingprabowo  #pilpres2024  #terusmajubersamaprabowo",
Taniaanandaa,"Muzani mengatakan, hubungan antara Sandiaga dan Prabowo dipastikan baik-baik saja.  @prabowo  #dekade08  #mendingprabowo  #pilpres2024  #terusmajubersamaprabowo",
CalistaKaisa,"Muzani mengatakan, hubungan antara Sandiaga dan Prabowo dipastikan baik-baik saja.  @prabowo  #dekade08  #mendingprabowo  #pilpres2024  #terusmajubersamaprabowo",
CalistaKaisa,"Menurut Muzani, Sandiaga temui Prabowo untuk klarifikasi isu dirinya akan bergabung dengan PPP.  @prabowo  #dekade08  #mendingprabowo  #pilpres2024  #terusmajubersamaprabowo",
Taniaanandaa,"Sebelumnya, Menteri Pariwisata dan Ekonomi Kreatif Sandiaga Uno sudah bertemu dengan Prabowo.  @prabowo  #dekade08  #mendingprabowo  #pilpres2024  #terusmajubersamaprabowo",
CalistaKaisa,"Sebelumnya, Menteri Pariwisata dan Ekonomi Kreatif Sandiaga Uno sudah bertemu dengan Prabowo.  @prabowo  #dekade08  #mendingprabowo  #pilpres2024  #terusmajubersamaprabowo",
Taniaanandaa,"""Ia hanya berpeluang pindah dari Gerindra bila idealismenya sudah tak mungkin lagi dapat diwujudkan di partai yang dipimpin Prabowo Subianto tersebut,"" ujar Jamiluddin.  @prabowo  #dekade08  #mendingprabowo  #pilpres2024  #terusmajubersamaprabowo",
CalistaKaisa,"""Ia hanya berpeluang pindah dari Gerindra bila idealismenya sudah tak mungkin lagi dapat diwujudkan di partai yang dipimpin Prabowo Subianto tersebut,"" ujar Jamiluddin.  @prabowo  #dekade08  #mendingprabowo  #pilpres2024  #terusmajubersamaprabowo",
Taniaanandaa,"""Pertemuan yang diinisiasi Sandiaga itu tampaknya ingin mengklarifikasi rumor kepindahannya ke PPP. Tampaknya sudah tak ada masalah di antara dua elite Gerindra itu,"" kata Jamiluddin.  @prabowo  #dekade08  #mendingprabowo  #pilpres2024  #terusmajubersamaprabowo",
CalistaKaisa,"Temui Prabowo Klarifikasi Isu Loncat ke PPP, Begini Prediksi Nasib Sandiaga di Gerindra.  @prabowo  #dekade08  #mendingprabowo  #pilpres2024  #terusmajubersamaprabowo",
Taniaanandaa,"""Nggak ada niatan buat ajarin pak Prabowo mas??"" ucap netizen.  @prabowo  #dekade08  #mendingprabowo  #pilpres2024  #terusmajubersamaprabowo",
CalistaKaisa,"""Nggak ada niatan buat ajarin pak Prabowo mas??"" ucap netizen.  @prabowo  #dekade08  #mendingprabowo  #pilpres2024  #terusmajubersamaprabowo",
Taniaanandaa,"""Kayaknya di video selanjutnya Pak Prabowo malah ikutan main lato-lato,"" ujar netizen.  @prabowo  #dekade08  #mendingprabowo  #pilpres2024  #terusmajubersamaprabowo",
CalistaKaisa,"""Kayaknya di video selanjutnya Pak Prabowo malah ikutan main lato-lato,"" ujar netizen.  @prabowo  #dekade08  #mendingprabowo  #pilpres2024  #terusmajubersamaprabowo",
Taniaanandaa,Ada pula netizen yang membayangkan bagaimana jika Prabowo ikut mencoba main lato-lato bersama Rizky.  @prabowo  #dekade08  #mendingprabowo  #pilpres2024  #terusmajubersamaprabowo,
CalistaKaisa,Ada pula netizen yang membayangkan bagaimana jika Prabowo ikut mencoba main lato-lato bersama Rizky.  @prabowo  #dekade08  #mendingprabowo  #pilpres2024  #terusmajubersamaprabowo,
Taniaanandaa,Beberapa dari netizen banyak yang penasaran dengan reaksi Prabowo dari kelanjutan kisah terpergoknya Rizky saat bermain lato-lato.  @prabowo  #dekade08  #mendingprabowo  #pilpres2024  #terusmajubersamaprabowo,
CalistaKaisa,Beberapa dari netizen banyak yang penasaran dengan reaksi Prabowo dari kelanjutan kisah terpergoknya Rizky saat bermain lato-lato.  @prabowo  #dekade08  #mendingprabowo  #pilpres2024  #terusmajubersamaprabowo,
Taniaanandaa,"""Siap salah pak Prabowo. Semua gara lato-lato,"" tulis Rizky.  @prabowo  #dekade08  #mendingprabowo  #pilpres2024  #terusmajubersamaprabowo",
CalistaKaisa,"""Siap salah pak Prabowo. Semua gara lato-lato,"" tulis Rizky.  @prabowo  #dekade08  #mendingprabowo  #pilpres2024  #terusmajubersamaprabowo",
Taniaanandaa,"Mengetahui hal itu, Rizky langsung berhenti dan semringah ke arah Prabowo.  @prabowo  #dekade08  #mendingprabowo  #pilpres2024  #terusmajubersamaprabowo",
CalistaKaisa,"Saat pantulan bola lato-lato itu semakin kencang digerakkan, tiba-tiba dari kejauhan Prabowo tampak berjalan melewati lorong.  @prabowo  #dekade08  #mendingprabowo  #pilpres2024  #terusmajubersamaprabowo",
CalistaKaisa,"Mengetahui hal itu, Rizky langsung berhenti dan semringah ke arah Prabowo.  @prabowo  #dekade08  #mendingprabowo  #pilpres2024  #terusmajubersamaprabowo",
Taniaanandaa,Prabowo pun menengok ke arah suara lato-lato yang dimainkan asprinya.  @prabowo  #dekade08  #mendingprabowo  #pilpres2024  #terusmajubersamaprabowo,
CalistaKaisa,Prabowo pun menengok ke arah suara lato-lato yang dimainkan asprinya.  @prabowo  #dekade08  #mendingprabowo  #pilpres2024  #terusmajubersamaprabowo,
Taniaanandaa,"Saat pantulan bola lato-lato itu semakin kencang digerakkan, tiba-tiba dari kejauhan Prabowo tampak berjalan melewati lorong.  @prabowo  #dekade08  #mendingprabowo  #pilpres2024  #terusmajubersamaprabowo",
Taniaanandaa,Dilihat dari video aspri Prabowo melalui Instagram Rizky yang mengenakan baju safari cokelat dan duduk di teras itu tampak memegang lato-lato warna merah muda.  @prabowo  #dekade08  #mendingprabowo  #pilpres2024  #terusmajubersamaprabowo,
Taniaanandaa,Prabowo Subianto pun sampai memergoki asisten pribadi (aspri) Rizky Irmansyah yang mencoba memainkan lato-lato.  @prabowo  #dekade08  #mendingprabowo  #pilpres2024  #terusmajubersamaprabowo,
CalistaKaisa,Dilihat dari video aspri Prabowo melalui Instagram Rizky yang mengenakan baju safari cokelat dan duduk di teras itu tampak memegang lato-lato warna merah muda.  @prabowo  #dekade08  #mendingprabowo  #pilpres2024  #terusmajubersamaprabowo,
joktry,"@Yurissa_Samosir Prof @mohmahfudmd , @jokowi , @prabowo , @sandiuno , @erickthohir , apakah bapak ¬≤ sepakat bahwa Anies Baswedan berpotensi jadi pemecah belah persatuan?  Kalo bapak ¬≤ tidak sepakat, harusnya bapak ¬≤ menghimbau kepada masyarakat untuk tidak bikin spanduk provokasi seperti di atas",
CalistaKaisa,Prabowo Subianto pun sampai memergoki asisten pribadi (aspri) Rizky Irmansyah yang mencoba memainkan lato-lato.  @prabowo  #dekade08  #mendingprabowo  #pilpres2024  #terusmajubersamaprabowo,
Taniaanandaa,Momen Kocak saat Prabowo Pergoki Aspri Main Lato-Lato.  @prabowo  #dekade08  #mendingprabowo  #pilpres2024  #terusmajubersamaprabowo,
AdrianaDaneen,"Muzani: Sepanjang Hidupnya, Pengabdian Prabowo Subianto Tidak Pernah Usai untuk Bangsa dan Negara. #RelaBerkorban #kerjasama    https://t.co/iFu6u2Qe1N",
CalistaKaisa,Momen Kocak saat Prabowo Pergoki Aspri Main Lato-Lato.  @prabowo  #dekade08  #mendingprabowo  #pilpres2024  #terusmajubersamaprabowo,
